Student_ID,Age,Gender,GPA,Attendance,Assignment_Completion,Exam_Performance,Engagement_Score,Participation_Score,Behavioral_Score,Previous_Academic_Performance,Course_Satisfaction,Failed_Subjects,Assignments_Missed,LMS_Activity,Churn
STU0001,17,Other,6.557807906002563,76.93663265696199,61.775781712043496,59.46700214029881,3,3,4,4.0,2,0,6,2,0
STU0002,23,Other,8.224357757187434,72.83449999845651,100.0,64.5833471185775,4,2,2,7.2459271883842895,2,3,2,4,1
STU0003,22,Female,7.3346118741852555,87.55852836623997,71.51288514123817,59.58334811178306,4,4,1,6.941216214326858,4,1,8,4,0
STU0004,20,Other,7.01720425085243,75.16998907422982,87.42080348098774,53.23553857748222,2,3,3,8.783246672218176,4,3,1,2,0
STU0005,20,Male,7.193818069377423,74.31963254608876,71.20045696513269,74.63283203704687,4,2,3,8.15761527299634,2,2,2,3,0
STU0006,23,Other,7.523122018406166,79.2562803586575,71.53884251609205,74.81514697072124,2,2,1,5.6395699773438395,4,1,1,4,1
STU0007,17,Other,7.91681419968978,98.35904019565021,63.239560001669886,92.4095131011398,1,3,1,8.490566342353096,1,3,1,1,1
STU0008,22,Female,6.300287771330618,61.91572550374555,73.78685894049417,63.97993957974357,4,4,1,6.685222569302806,3,1,7,2,1
STU0009,18,Other,6.258412367378728,87.23828271666426,76.76998041621071,75.55320707547925,4,2,1,5.914656128444745,1,4,7,3,1
STU0010,17,Female,8.40467921540253,55.28194606514274,60.2361223662723,75.75255095129762,2,3,3,7.236523901045443,3,4,6,2,1
STU0011,21,Male,6.887663127795269,80.60727789874349,70.12433376210174,68.95394926649361,2,3,1,6.756676773203418,2,0,8,4,0
STU0012,24,Other,5.883157907403126,96.90099393130477,62.84851700914329,80.93200306499611,2,1,3,8.846158376834229,2,3,0,2,1
STU0013,22,Male,7.743812709383104,83.86402229360769,100.0,81.30275024220857,1,4,1,7.408746434189452,2,4,6,1,1
STU0014,23,Male,7.763369806032687,80.04750094247751,70.65403845132572,75.92893314237048,4,3,4,7.246790705063207,2,0,1,2,0
STU0015,22,Female,5.769284742743293,71.27460637436309,95.17848227544839,68.93232353942645,1,1,3,8.080776499426527,4,3,9,2,0
STU0016,23,Other,7.529481715463606,78.37256640586266,69.06566503788467,67.70963869734558,3,3,2,8.311445941711254,4,4,6,4,0
STU0017,21,Female,8.035583092428373,74.97524621515973,75.88931462302362,55.58695321443529,1,3,2,7.940326113156759,2,1,7,1,1
STU0018,18,Female,7.674386451706263,68.56828070482374,52.17953892532096,62.3289866565877,3,4,1,8.703356167377944,2,2,5,1,1
STU0019,23,Male,7.931981483761395,74.52149261430156,65.29391112198203,64.53590971317975,4,1,1,7.7304188954965465,3,3,3,1,1
STU0020,20,Male,5.895730901909251,80.38057392751728,75.1580200618387,58.51233885084679,3,2,3,7.2011817576720425,3,1,6,3,0
STU0021,21,Male,7.631040154996195,68.79339517763232,95.790057464398,77.27908760025197,3,1,1,8.487006474505636,1,1,8,4,0
STU0022,19,Male,6.997380240529553,68.3246181517838,75.32974166514407,86.35953442784412,4,3,3,6.8909246319014335,3,1,1,3,0
STU0023,18,Other,6.817209841275355,61.677078748893905,92.75580541789499,61.1032508120502,4,3,2,7.0398958196135935,4,1,8,4,0
STU0024,24,Other,8.170555609419726,82.68870031306675,81.61093665304381,75.40129722893565,4,2,1,9.065892300756298,4,3,7,4,0
STU0025,23,Other,8.77927451067423,84.54387914360473,96.41102009197029,59.590666325643475,1,4,3,8.946308953546277,3,1,0,3,1
STU0026,22,Male,9.09437005460036,80.77992533083821,71.11436674042417,68.34093394873005,3,3,3,6.9901890316920126,2,1,9,3,0
STU0027,20,Male,8.614807871505905,89.582045912744,100.0,63.71604504986669,4,2,3,6.45573810723326,2,4,1,1,0
STU0028,23,Male,7.1902658183698165,79.05441164496872,64.71905695628816,79.2227477832773,2,1,1,8.755808200250199,3,2,6,4,1
STU0029,21,Female,7.652720163026343,82.70413124838907,60.50307248703496,63.85454191389386,3,2,3,7.960502029498257,2,4,1,4,0
STU0030,20,Female,8.066822871784243,81.64604910765075,53.84920725466449,84.13992496447976,1,4,4,7.378697505036835,1,3,1,4,0
STU0031,20,Female,7.421177949299461,76.90151976698151,100.0,69.0513507160536,4,2,2,6.613752747772066,3,4,6,4,0
STU0032,18,Male,7.430764187911544,71.63013806244423,84.29171358926847,64.20475548486203,3,4,4,7.398035894457513,1,0,6,2,1
STU0033,17,Other,8.123753131876182,100.0,66.98818899929537,56.960336851858045,3,3,3,6.973949848134757,4,4,6,1,0
STU0034,21,Male,7.240717353974068,72.5765882417579,90.73534045310242,75.0384541235442,4,3,2,6.202794184512405,2,4,3,4,1
STU0035,24,Male,6.5707130636263384,70.00946746655477,82.31538277676673,82.74262082671416,1,2,4,7.154850794304682,2,0,8,2,0
STU0036,17,Other,6.885526934164141,83.20811788140128,100.0,75.2798550784425,2,3,4,7.318508854767529,1,1,0,4,1
STU0037,23,Other,7.933910377733742,81.02225298354006,48.78250750890133,98.8659799969731,4,1,1,6.549525919695723,1,2,8,3,0
STU0038,23,Male,7.3029932911999556,61.14250142867607,68.01959837528618,89.15744942964503,1,1,4,8.084590826331421,4,2,3,2,1
STU0039,19,Female,7.640209976868338,91.47213905476487,65.06217924085762,68.30966682339582,4,2,1,8.546598870773186,3,3,6,2,1
STU0040,22,Other,7.97007924220219,76.86966509579,42.39475985387098,68.18367079431516,2,3,1,8.163877232386495,4,3,9,3,1
STU0041,18,Other,6.92515853710239,64.66882685741135,87.90490807169542,77.63636063382424,3,3,1,6.668501937743207,4,1,2,2,1
STU0042,23,Other,8.056248163629807,92.2654093722465,67.94405166294962,61.94376983489178,3,2,2,7.906985805026046,1,3,4,2,1
STU0043,22,Female,7.678842603458394,85.50810685915384,83.09446807479843,85.99545967838984,3,2,4,7.093553676952048,2,4,8,1,0
STU0044,19,Female,6.065186913088521,62.82549609662503,100.0,76.339206262123,4,3,3,5.517104825720858,4,2,8,3,0
STU0045,17,Other,8.742304791186244,99.32619408309269,66.70134462258588,75.07750693030239,2,3,3,7.807275254197295,2,4,2,1,1
STU0046,24,Male,6.799255256243084,85.90556842039432,65.68270526014267,80.2434440132498,1,1,1,7.175357969148338,3,3,5,1,1
STU0047,20,Male,5.644904656814816,77.87764661249945,73.77996254585995,92.6739586004287,2,2,3,10.0,3,4,3,1,0
STU0048,24,Female,6.2549562904136975,97.08262566746136,86.80871029475114,74.05146422625006,3,3,2,8.748725035934273,3,4,5,3,0
STU0049,22,Other,6.278954839321678,79.91157340595569,63.49930462034775,70.6435155495434,4,4,2,7.853380188321429,4,0,3,1,1
STU0050,23,Male,7.352173318657533,77.66300309875162,62.53557604301804,90.10463547987094,4,2,2,7.299004601545816,4,4,0,2,1
STU0051,23,Female,7.026149494453763,70.07639860773614,87.8578390536205,83.61060499189362,2,4,1,7.1964667060696215,3,0,9,1,0
STU0052,18,Female,6.963168032359407,84.98220527168495,77.67958985757053,68.14824191539533,4,3,4,5.7955727156402705,3,4,6,3,0
STU0053,19,Female,7.919701965482479,83.71923560788775,41.32907605492769,72.06223738390824,1,2,3,4.913215327360107,2,4,4,1,1
STU0054,20,Other,7.639875361192703,78.17616167867654,53.61912300796338,74.34457099126558,1,3,2,5.952929069102122,1,1,1,1,0
STU0055,20,Male,7.6160478706442865,68.52016375358876,94.51853795740816,76.34175533525979,1,4,1,6.942739578195484,3,0,0,2,1
STU0056,17,Other,7.709828457328692,79.55915824999289,78.02892424618219,55.72080178873063,4,1,4,4.473352866149219,1,2,4,3,0
STU0057,21,Female,7.916134668002238,77.16241457085435,60.56706103444127,53.49018470638128,1,1,2,6.346813849272701,3,1,6,1,1
STU0058,18,Other,5.192046658222557,61.998308175189585,69.44385514147527,61.351319735970556,3,2,2,6.702864360250689,2,2,2,2,1
STU0059,22,Female,6.935561747735538,60.33825178410977,72.19855009202506,60.4231386838639,4,1,3,6.74148813581745,4,0,7,4,0
STU0060,22,Male,5.119789935510526,84.78184054571723,83.03600040420245,64.27411183232996,4,4,1,6.205931682174226,4,0,3,3,0
STU0061,24,Other,7.3360599267977955,46.77734021937973,51.626049077118154,79.61652770508005,4,4,3,6.59018342274232,3,2,0,4,0
STU0062,22,Other,7.295367027775654,80.46492632353512,59.38576291994313,69.97285012410315,1,3,4,9.068672593748634,3,3,5,2,0
STU0063,19,Male,8.34553227478968,72.2630033069541,76.09433632295084,74.35673526012226,2,4,2,7.794574337788724,2,1,1,4,1
STU0064,24,Other,8.487634392721121,93.69895928255892,70.50248129256825,57.30835907949286,3,1,1,6.32763906772222,2,1,0,1,0
STU0065,20,Other,7.502775048252367,72.07838149015349,80.57788773955065,66.46029356494866,3,3,1,6.917982653965644,1,0,1,3,0
STU0066,19,Female,6.7996389226030995,85.91381057102275,53.557389039606036,79.04709194093809,3,2,1,6.96602399721728,1,1,2,2,1
STU0067,24,Other,7.785161112545738,73.2370339051465,77.35693014406982,79.13942949812161,3,2,3,6.078453479511818,3,1,5,1,1
STU0068,19,Female,6.772082362675686,79.36497784183372,88.37375429066208,63.3051140617451,2,2,2,6.077043738707374,4,1,9,4,1
STU0069,17,Female,7.298607348556651,86.84203837104062,79.30227820723925,73.93994863655465,1,3,1,8.212628824392056,1,1,2,3,0
STU0070,20,Male,8.286136316960768,72.44933140410504,74.08667609642387,98.38617424178798,2,3,3,6.496258746979821,2,1,0,1,0
STU0071,23,Other,6.742228654010576,89.95865861398084,70.56174596151044,71.78882484893234,2,1,1,5.6863643355629545,3,3,1,1,1
STU0072,18,Male,8.1056786392425,66.0756254747222,59.47723270842747,63.68175664629065,3,3,2,6.948231587116669,3,1,3,3,1
STU0073,20,Other,7.977401368692302,81.53511411070055,70.92002111340317,69.91485132765408,4,4,4,7.141611703754949,3,3,2,3,0
STU0074,18,Female,6.345208182869178,89.07167667345423,90.89558779320609,73.106125290322,3,1,1,4.632754930967398,3,3,3,1,1
STU0075,22,Female,8.273894128217401,85.92044990148402,70.21457240099812,70.1859794317134,3,4,1,6.951104370619368,1,3,9,4,0
STU0076,20,Male,7.998566345371505,100.0,58.65294015977385,71.62374359188198,1,3,2,8.041575921217913,2,2,3,3,1
STU0077,19,Other,7.401925887372657,68.83872819227207,64.6162936685192,54.67863843675792,3,2,3,7.5414752626262,2,4,6,2,1
STU0078,18,Male,6.537676541972347,61.45020898381695,75.01275445913895,60.448434298968586,2,3,1,9.675754138233966,1,1,6,1,1
STU0079,21,Female,6.44079398142443,66.06797869805857,66.3972900422873,70.20797715514203,1,3,4,8.501331378774616,2,4,1,2,1
STU0080,22,Other,6.7623374230969775,85.92531079858125,79.27954924594711,70.01678435973076,1,4,1,8.738720829701023,2,1,2,2,0
STU0081,24,Other,7.8425944632919595,83.97507521123254,79.84265641123545,65.20572870167999,4,1,4,10.0,4,0,4,1,1
STU0082,20,Other,6.344374832598602,79.227079915769,85.33474770606972,69.87583696708276,4,1,3,7.909787514129517,2,4,4,2,1
STU0083,18,Other,7.73751224861987,64.52451541071444,93.35339208397549,72.73217826497046,3,3,1,7.195684249519242,4,4,0,1,1
STU0084,23,Female,6.058244471121608,87.20240751994874,86.93788086558541,82.6729614782943,4,2,1,8.168488352117599,3,0,6,1,1
STU0085,22,Male,7.095931415561151,63.303542668193515,57.986414037780605,70.8094591772874,1,1,1,6.328916279926007,3,2,3,1,1
STU0086,22,Other,7.409647754574008,91.9073949885228,58.446983301355914,76.78923846357904,2,2,2,7.129223583393963,4,2,3,2,1
STU0087,17,Other,9.745130145058916,100.0,70.86342785310264,65.50079638279294,4,3,2,6.2227268283060235,4,1,6,2,0
STU0088,19,Other,5.922684344479633,82.3974137588586,65.23236964140878,78.86514868318179,1,1,3,7.477581469075458,1,2,9,2,1
STU0089,23,Female,8.772014566490133,84.99729762789292,54.925099095585864,76.50876357134828,3,4,2,6.217709094376215,2,3,8,3,1
STU0090,23,Male,7.44984241398728,72.08568277325328,65.37462308740508,82.38980403815783,1,2,3,6.1756858001659385,3,2,9,3,1
STU0091,20,Female,7.711171918015963,56.277440146958206,64.88230599571442,80.56152554933385,2,1,2,7.496167951726605,4,2,4,1,1
STU0092,23,Female,7.418347913388204,70.76736764363733,61.92228390358191,79.06482747457375,2,1,2,6.834746271063319,1,4,1,4,1
STU0093,23,Other,7.7447268181952325,64.885257106815,67.26315770767492,70.81899109610664,2,4,2,4.686974637139904,2,1,2,3,1
STU0094,20,Female,7.146314895637982,60.63594508301981,89.67676275477497,74.93927072453361,4,1,2,5.253331694425492,1,3,3,2,1
STU0095,24,Male,8.754050181457458,98.66831930394778,74.98857061873859,84.76210714141831,4,2,4,5.623280210246244,1,1,3,1,0
STU0096,19,Male,6.843528855775277,81.27435021630927,100.0,64.17510516716646,3,3,1,5.94043371266323,4,4,2,4,1
STU0097,18,Other,8.432234572179247,82.5562509673678,74.55762279029474,64.45910665563761,3,3,2,7.497307995374366,1,1,1,3,0
STU0098,22,Other,6.655632879786977,74.29173161764501,67.64901339094122,74.17717677540435,1,2,4,7.262726616485963,4,4,1,2,1
STU0099,22,Male,7.239748153598713,75.92554701067877,72.061993239823,76.98335628318544,1,1,3,8.278335246039038,4,3,6,1,0
STU0100,18,Female,6.228037447709781,89.574608186872,75.8473796766531,62.11072200883194,1,3,1,7.903362187530125,4,1,4,1,0
STU0101,23,Female,7.75502372034752,77.61195457565742,78.52880935756596,71.1028492390403,4,2,4,8.28628354741919,1,3,0,2,0
STU0102,18,Female,8.745125956926534,84.3683272562968,100.0,70.87201470925459,1,1,1,7.730075429750947,1,1,5,1,0
STU0103,23,Other,7.222643820179146,75.64794842585981,59.32019302533647,45.41663861275835,2,1,1,7.251615170909788,2,1,8,1,0
STU0104,17,Male,7.10311430129609,73.89416531121543,84.88569087266603,69.36487212889489,4,3,2,8.319222090745187,3,1,4,2,1
STU0105,23,Male,6.185383036932073,61.117030012777654,75.11625896421185,70.1121860058184,3,1,3,8.10329535008812,4,3,3,1,1
STU0106,23,Male,7.0707073464476915,54.26701125159446,48.433533861440736,70.07648468612378,3,2,1,7.451314441064789,2,1,2,2,1
STU0107,23,Male,5.707205740278472,74.86125718720318,83.56048173142145,88.99097129492722,1,1,4,8.52528624503217,1,2,3,4,1
STU0108,22,Other,6.387122013281172,78.6779603039188,91.01435341205857,57.4104204178935,3,4,1,4.185054108995924,4,2,2,4,1
STU0109,20,Other,7.526786046109136,62.56643955949451,59.142353943338556,62.104529145544646,3,3,4,6.651444191031461,4,0,9,1,1
STU0110,22,Male,8.619013197741396,77.5863016195844,71.86599198162044,40.65365042016799,2,4,1,6.633051441217923,3,1,9,3,1
STU0111,19,Female,10.0,78.64503075588603,46.119686069884445,66.22900000591031,3,1,2,8.383219452977885,3,1,3,4,0
STU0112,23,Male,6.713414914929099,52.12790392728745,53.11790310473495,67.25227735048799,4,2,3,8.885673996340923,4,1,9,3,1
STU0113,21,Male,8.73530015664544,67.01850408624598,87.7204436642588,65.88027388398892,2,2,2,5.259784755747685,2,4,8,2,1
STU0114,20,Male,7.543752480401648,82.88716672482562,65.00375240988848,85.29212807380512,2,3,3,8.69340060897913,1,1,0,2,0
STU0115,21,Male,7.148752353253624,82.64470475274892,55.36795537592941,82.32741026804356,2,4,3,5.594265776768477,3,2,4,1,1
STU0116,21,Female,7.732594451726152,64.15590100320287,75.44190546687645,72.93428069120765,4,1,3,5.630541705327013,2,3,6,2,1
STU0117,17,Other,7.361916483679959,79.90137660599682,64.16381352853465,67.55264335752165,1,4,2,6.718857157207163,4,3,4,4,1
STU0118,18,Female,7.410395725612219,90.26888670432567,64.93767513336695,84.31427601728237,4,3,4,6.618152233440899,4,3,4,3,0
STU0119,18,Other,6.8916668371733305,87.32487550789078,83.08989038512355,71.76290568196978,4,4,3,5.129899264339748,2,2,4,2,1
STU0120,17,Female,5.901890340201149,76.85657055583279,54.5739996159848,62.180759532978506,2,1,2,7.77985356819108,2,4,6,1,1
STU0121,20,Male,5.7563747974779185,72.38428424010849,58.41952180977252,51.40501587018538,3,4,3,7.8152829096719225,2,4,2,4,1
STU0122,22,Male,7.953244883281227,70.44786618798595,74.31119988223303,66.7042260732518,4,2,4,8.264849915396404,3,1,5,1,0
STU0123,22,Male,7.023299909914287,83.61383739491589,86.54114686122308,81.05572340607131,4,2,4,6.4798536042665615,3,0,2,3,0
STU0124,20,Male,6.703911100343833,80.34124767771466,90.57240452234774,99.31846427451708,2,1,3,6.952500742033061,3,1,8,2,1
STU0125,23,Other,7.308505626723154,85.5528480732264,62.024074194575654,72.73932415427372,1,4,4,6.9634874021168285,3,4,0,2,0
STU0126,21,Other,8.094932252915628,79.58248575745382,86.06065450379472,62.815733818556346,3,4,4,9.025594529762158,4,4,0,1,1
STU0127,17,Other,7.480363943026398,87.8251674041693,60.237865597943866,57.78041750058944,1,1,2,4.0,2,3,0,2,1
STU0128,23,Female,6.643945063359032,79.1351103954924,99.393140203602,78.62345875566719,1,2,3,5.851666781213076,1,3,3,3,0
STU0129,21,Female,8.52629295564895,87.41626459358024,54.99343461870407,50.82460737138878,4,3,1,7.006649011350158,4,1,6,2,1
STU0130,22,Female,8.879185502981631,88.44987324439967,91.92718216187596,78.60414121685866,2,3,2,5.697315718101397,4,2,9,1,1
STU0131,21,Female,7.794556655322853,68.34568043730224,62.15270839771914,81.81253927515495,3,1,4,6.690015571274659,3,0,4,2,0
STU0132,21,Other,8.27366351134409,56.30227143755105,100.0,77.23535343879436,1,2,2,6.848709356356109,2,2,1,1,1
STU0133,17,Other,8.54195999681381,96.52191427217464,80.86981093278726,69.3640599367373,1,2,4,6.210776669449038,2,0,3,2,0
STU0134,21,Other,8.430099316404513,81.07990476854714,56.75975205887667,78.77928784256177,1,2,2,7.077362711323207,2,0,1,4,1
STU0135,23,Female,7.9140991771126235,57.42616925404654,64.1664228068624,74.0512604535396,2,4,1,7.753779133309376,1,4,4,4,1
STU0136,19,Male,7.898347047074883,69.43416603337546,83.71771807835613,62.662513897672895,1,1,1,6.716480265962797,3,4,7,4,1
STU0137,21,Other,7.8196605733465026,87.26249150843795,87.78966626423342,94.20494786850031,2,3,3,6.456166319237517,2,3,0,1,0
STU0138,17,Female,6.202662325452956,74.64387802640529,70.93926612413306,67.7798474446738,2,4,2,6.801082100015353,2,3,7,2,1
STU0139,19,Other,8.000723156859586,71.85526296817048,72.669874214452,81.30902760539891,3,4,3,6.991076384025293,3,1,2,1,0
STU0140,20,Female,5.944186028873446,94.8105823237556,83.37529548966099,42.97662860765142,3,4,1,4.9116165215986936,4,2,6,2,0
STU0141,24,Other,6.505400544874945,65.43255424339428,73.9769764051623,87.31765059337116,2,1,2,7.553864701553534,1,3,8,3,1
STU0142,18,Female,8.603565067808088,68.422159706942,52.59742710992437,89.62516493585498,2,1,1,6.458798524663846,4,2,7,4,1
STU0143,19,Other,8.140220162694197,80.5366377005792,59.805389630397286,72.35800544551965,1,4,2,8.513842089773261,3,1,6,2,0
STU0144,20,Other,8.787398289685862,82.68545918464659,75.52679914727497,78.7052524168531,2,3,4,7.70926417077097,4,1,6,1,0
STU0145,24,Male,7.028325616312707,83.95611641208878,90.23223624746541,78.70218217929076,4,3,1,8.404079685063586,2,4,1,2,1
STU0146,23,Female,6.147751158723232,88.93485653482736,96.23973636243072,64.2865971643113,4,2,3,5.78679544754211,4,1,1,2,1
STU0147,17,Female,7.059562802929657,80.3829434481782,83.69294131157176,78.56546766527208,2,3,1,6.554336030575088,3,4,3,3,1
STU0148,18,Other,7.402031297240574,83.8726072672609,76.30936141554545,62.296434361529336,4,1,3,5.509049815051109,3,3,6,1,1
STU0149,23,Other,7.378988716340009,74.889488888219,83.23220828973716,64.69491691625609,3,2,4,6.1537705492848085,3,4,6,3,0
STU0150,17,Other,8.4336804787567,78.75237963884057,61.998737246897164,85.52331771854759,1,3,2,8.502526509410309,2,2,7,2,1
STU0151,23,Female,6.938729574996554,79.29041016064362,69.70153559612679,83.69589228840243,4,1,1,8.784988693506994,3,1,3,3,1
STU0152,19,Female,7.652034471802924,80.58117762982843,59.63803917990785,63.52349397461049,2,1,3,5.622240046234648,4,0,8,4,1
STU0153,24,Female,6.311372850565394,87.27047769099313,53.26886083938433,63.19708387798751,3,1,2,6.45006679801926,4,2,4,1,1
STU0154,19,Other,7.750317278043813,84.66174818333798,77.00323517454308,64.25284077050793,3,1,4,6.908565193571261,1,1,2,4,1
STU0155,20,Male,7.3031085501856365,78.5306040348022,74.78269959877116,80.79167479758588,2,4,4,7.702726770171737,3,0,7,1,0
STU0156,22,Female,6.5501866617154825,68.29048818070753,82.3147872676352,60.00018263027523,3,3,3,4.8882276837562095,4,4,1,4,1
STU0157,18,Male,7.064170637825147,78.81205509675252,80.19167746338671,76.28055166843143,3,4,3,5.076399902165874,3,4,4,2,0
STU0158,21,Other,7.115824253484778,77.66378658125107,75.63966406985793,80.96216172761153,2,2,3,7.587551372646883,2,1,7,3,0
STU0159,21,Female,7.029844870662903,80.31817895775838,80.34924998516331,70.9410545964828,2,3,3,4.661153717298491,2,3,7,4,1
STU0160,23,Female,9.071341242267684,100.0,71.35975355658785,84.12076436237913,3,4,2,6.463843112633356,3,2,2,3,0
STU0161,24,Female,7.201553997692121,71.71472665750518,78.19337092833601,68.3482779661225,1,2,4,7.1945101702706085,3,2,1,2,1
STU0162,22,Female,7.056103889822662,83.06746822950431,61.10783395970461,69.43373278807303,1,3,2,7.498799163919741,2,3,0,4,1
STU0163,20,Other,5.202549042389858,90.82154480693157,77.54558888458695,60.27304522641772,4,3,1,6.829938285347402,2,2,0,2,1
STU0164,20,Female,6.4057926480205225,79.1760229691926,82.02626527929014,84.20612817144246,2,4,3,6.5610919371429635,2,4,8,3,0
STU0165,20,Female,7.036926575543647,100.0,61.95477857891695,62.801754636253555,3,4,3,8.013485031659775,1,0,7,3,0
STU0166,23,Male,6.614147323823357,73.46352849922228,72.7774814848927,76.1972618125807,3,3,4,7.342247111638909,1,3,5,2,1
STU0167,19,Male,8.681707593377796,81.88907066784057,62.645962355559604,71.14420719448879,4,3,2,6.223580053658248,1,4,5,1,0
STU0168,18,Female,7.135062224603781,68.41433106128422,64.10239955225828,59.36660324266005,3,4,2,7.045267476018686,2,4,3,2,1
STU0169,19,Other,8.588444249318252,73.78170317828048,55.12605967346768,64.69076227412015,3,3,3,7.459802827187431,3,0,1,4,1
STU0170,17,Other,7.361704634050368,80.98720692475989,90.98662387749833,88.59446686848881,4,2,2,9.061884689741657,2,0,0,3,0
STU0171,17,Female,7.337227836421577,88.15564874769275,87.98527762080072,74.41989051161377,4,3,4,7.943588401949895,4,3,6,3,0
STU0172,17,Female,7.211203552287499,81.8291380082829,80.06150781341006,59.8901959035979,1,3,2,8.457468227144732,1,4,0,2,0
STU0173,23,Female,7.303796251621459,93.10937819201683,100.0,75.66393944818431,3,1,4,6.267271124440444,2,4,1,3,1
STU0174,22,Male,9.01879500304986,76.86041627288795,69.16131455147412,70.24663162086546,1,3,2,6.370980512493997,1,4,7,2,1
STU0175,22,Male,4.980389273248782,74.01397764193193,100.0,100.0,4,3,1,6.717544008624412,2,0,5,1,1
STU0176,20,Female,5.298454255561321,100.0,68.58705876955169,75.42148609610727,1,4,4,6.8277128240342035,3,2,4,1,1
STU0177,22,Male,6.756829168943886,82.73085179330437,75.82790027634024,67.43250183520362,1,3,3,5.790370050636532,2,3,2,2,1
STU0178,18,Male,7.314527881937568,69.36622144825743,66.03333129089688,89.04033501344526,1,1,3,8.519120351868182,2,3,1,3,1
STU0179,24,Male,7.990104424764012,69.66883485302317,77.58488340090457,49.90756599248586,3,4,3,8.06002196531055,3,3,4,2,1
STU0180,21,Male,7.773087198027475,66.68784102562391,84.53422391829366,73.13184187657316,1,3,2,6.633186566438192,4,1,3,1,1
STU0181,24,Female,6.91575408711943,89.23883227028145,70.29125410420374,95.93314193617287,1,2,4,7.770052778816624,1,2,5,2,1
STU0182,18,Other,8.319043693241762,73.6274724852811,98.65079770676431,70.60560858768295,3,4,2,7.2674789956046055,1,2,1,2,0
STU0183,20,Other,8.33019540315273,79.52834970787782,75.58723926950191,51.200387464223056,4,2,4,7.86379357711765,1,4,2,3,1
STU0184,22,Female,7.484057831271565,77.23789590674077,76.05728079165299,67.24898442707283,3,2,2,5.386831451769244,3,1,1,2,1
STU0185,20,Female,8.262657572486841,86.77790889529122,58.365034582294236,89.45421649150845,2,4,1,6.825206712163078,4,1,4,2,1
STU0186,20,Male,7.572645263432129,67.83907088539176,78.27748611825577,76.51283515584926,3,4,1,6.930353766513045,1,0,2,1,1
STU0187,18,Male,6.738516973217116,65.09313256628381,69.98959168785952,61.93372668584979,3,3,4,7.748370519533982,1,0,2,3,1
STU0188,20,Female,7.997816839000005,80.69156768617913,62.8764040599407,63.77708631385171,2,2,3,6.24587487858144,3,4,5,4,0
STU0189,18,Female,7.4106131225786775,85.21151141639876,60.352883877774545,65.28359674620224,3,4,2,4.000083131101125,4,4,4,3,1
STU0190,19,Male,7.3013398467544866,81.99038775717169,100.0,76.33437460864795,1,1,4,5.701960338780495,3,1,2,2,1
STU0191,22,Female,8.772953572189575,68.28655525083207,68.04784124731447,88.05835359526384,1,3,3,6.926742417146911,4,3,6,2,1
STU0192,22,Male,4.849127871459913,86.12981810509673,50.145218688280984,84.62907615359005,3,3,3,7.076661070603998,3,2,3,2,1
STU0193,21,Male,5.88231582984043,69.07366887485239,61.52667810401141,77.47214618530954,2,4,3,9.020497747149982,1,4,3,1,1
STU0194,19,Other,6.11292957362563,71.7415362625634,71.22648240785679,56.0202628793102,1,2,1,7.699295728789719,2,1,4,1,1
STU0195,24,Female,6.936739352431195,66.67255770333597,80.20000548924727,56.06480983207871,1,4,1,7.097836335077787,4,4,1,4,1
STU0196,17,Female,7.04539183023397,93.61390018382437,80.3219478258797,78.39902425456516,4,1,3,6.961130467862275,3,1,4,4,0
STU0197,19,Other,5.792674352226952,85.60105849232819,82.14921827664789,55.85434682480527,2,4,1,8.32502005860363,1,3,5,4,1
STU0198,17,Other,6.314841967689174,85.25992050814648,62.32709540044006,69.29319574717675,1,1,3,6.291867457411074,1,1,1,3,0
STU0199,19,Other,6.439158321476429,92.9665370537094,77.10660665252318,75.64980535423412,3,3,1,6.831659454711281,3,3,5,4,0
STU0200,24,Female,9.757424092075892,100.0,58.859108038341326,58.34887205564773,3,1,2,5.692890255834039,2,1,0,2,1
STU0201,19,Other,9.101741947747147,57.48928675307813,62.70535525478982,59.708851987693635,2,4,3,8.702687258434365,3,4,6,2,1
STU0202,24,Female,6.888250582315351,69.1394810294747,58.23436538249611,70.87054722518617,4,4,3,7.4709987244019365,2,3,0,1,1
STU0203,20,Other,6.936416709693201,70.60589898990571,54.17416718102596,78.04380345028865,2,1,4,6.150972044795265,2,1,1,1,1
STU0204,22,Other,6.150796002811706,67.79016453140768,87.96314233287013,84.73822524496508,3,4,3,6.862653987618031,3,4,3,3,1
STU0205,20,Female,5.3918695867747335,65.06900102875545,82.32917551468331,79.28464121724662,3,2,1,7.6115809158475365,1,3,6,1,1
STU0206,19,Other,7.1831198135914756,74.40416323133562,86.64998054967195,72.88387913990634,3,3,4,6.699137304733269,2,2,7,4,1
STU0207,23,Female,6.302148016755974,63.40075541652714,72.58969599036445,63.04566295731541,1,1,1,6.358635253944879,2,0,4,4,0
STU0208,24,Other,7.21514946833799,82.02050841044895,83.6521154829772,59.14911604986577,3,1,1,6.214871576818802,4,4,1,2,1
STU0209,19,Male,5.699794150956523,78.62037985714338,45.58065893036183,65.86947494005022,3,1,4,7.406754279089338,3,3,3,3,1
STU0210,23,Other,6.538025541689742,83.77234397716387,84.94631277068032,76.91922701976681,1,3,1,6.570334864947178,2,3,7,1,1
STU0211,19,Female,7.448627095302831,84.09274141965903,74.65679745007546,76.03948447952811,1,3,3,6.455490718284705,2,4,0,2,1
STU0212,22,Other,7.666209597783937,85.23608224112012,81.40664400223748,46.80117617129853,3,4,2,5.396725893933513,1,3,7,1,0
STU0213,23,Female,7.717471958742014,73.51909275811342,77.70034948572919,62.57187566078996,1,1,4,7.093168691832603,1,1,3,1,0
STU0214,20,Other,5.979511015842963,100.0,57.1941726819467,86.45409061927387,4,3,1,6.78253187344971,2,1,0,1,0
STU0215,22,Male,8.154685730135562,80.81317339778518,49.5294033691343,72.95058057364967,1,1,1,6.614021981629643,4,0,6,4,1
STU0216,19,Male,6.49978830339815,55.65018296850246,61.31918750725555,54.995893042764166,4,2,2,7.238524812986462,1,0,0,3,1
STU0217,17,Female,7.932857914607307,65.97149105080538,80.47375921909368,100.0,3,1,2,7.897602715283077,1,3,3,4,1
STU0218,17,Other,7.289361323381807,57.11396413166621,82.35137122763093,71.65269921222283,2,1,4,7.841878566328562,3,4,1,4,1
STU0219,20,Other,5.923612500922052,78.20801554981568,51.480865839272056,76.6120075117609,2,3,3,7.663274201079715,1,0,5,4,0
STU0220,24,Female,6.983802295418812,76.53833731136,57.28350948797678,76.79429707254161,2,4,1,6.711195665637135,4,2,0,4,1
STU0221,18,Female,7.665363742063767,72.3788916252065,61.15146471088741,67.58885440607777,3,3,4,6.31960199687051,4,0,0,1,1
STU0222,20,Female,7.912965380474599,100.0,66.64042409599776,63.26911581814327,4,4,2,5.7473012304130755,4,2,5,4,0
STU0223,22,Other,7.1590121025555815,84.58779448892292,51.56923753721021,97.46009982079129,1,3,4,6.288212191194302,2,3,9,3,0
STU0224,18,Female,8.831778890601052,86.71318033735601,50.66922350789801,84.038470435413,3,1,4,7.023580114163884,2,4,0,1,1
STU0225,22,Female,8.307510770986559,66.82711814469477,59.67247055388669,81.86324641330413,4,2,1,6.056456654017021,2,4,4,1,1
STU0226,19,Other,7.043345883600247,66.01026130402785,73.29380754337508,78.91547030061852,2,4,3,7.115268566940932,1,1,8,4,0
STU0227,23,Male,8.050121812136945,78.44166598916345,54.29108490369764,59.960191315659785,3,1,2,5.841451986505763,3,4,2,4,0
STU0228,21,Other,9.233793485188187,80.0760856758267,70.2629473504235,87.33036230088328,1,1,2,5.006809733191574,4,3,4,2,1
STU0229,21,Male,9.260484600783027,55.724261194626514,87.87829224212723,61.88240810385901,4,4,2,7.983287345037754,2,1,8,1,1
STU0230,18,Male,6.072000119177503,75.83631572580559,52.47330393879735,75.39944157780775,1,1,3,6.430702485560986,1,1,7,2,1
STU0231,20,Other,6.373466888842849,78.16886499448206,68.90331362384191,52.327321134425176,2,4,2,5.995559616131331,3,0,2,1,0
STU0232,23,Other,8.78491878673385,75.41821001074645,87.37135100626159,47.50969379222977,2,4,1,5.687383430443074,2,4,7,3,0
STU0233,17,Other,6.241718949162363,68.23931505183988,65.72597414454286,75.81949443183737,2,3,2,7.507643169676481,4,1,6,2,1
STU0234,23,Other,5.977458866708321,71.52557781694632,63.39495463712372,62.2908087936611,1,3,1,8.649889253761561,4,1,5,1,1
STU0235,20,Female,6.813805869300953,75.87768967712645,89.45243721459711,48.12998914443272,3,1,4,6.5163113667926265,4,2,4,4,1
STU0236,22,Female,7.720226709474586,79.08960028332058,67.40696881542678,78.4873140353649,1,2,3,6.741323950404902,2,0,9,4,0
STU0237,22,Male,7.197603293388903,85.25749899060682,88.56742537808351,97.44096925260948,4,4,2,8.285958207866887,4,4,8,4,1
STU0238,20,Male,6.649436379594408,90.97027445941046,78.43448086690798,88.67472310296074,1,4,2,4.827465154770025,1,3,9,4,1
STU0239,19,Male,6.625787538275491,74.467827317673,66.85733020635244,68.91218537681193,2,2,1,9.3602423714952,2,0,6,1,0
STU0240,22,Male,6.587662935587291,72.52612564661571,79.19535795896296,72.10614368036335,4,4,2,9.932920362791643,2,0,3,4,1
STU0241,18,Female,6.4204903713410575,83.25186808241168,76.80674270769057,82.65247508140696,1,4,4,4.0,4,0,1,4,1
STU0242,21,Other,9.58163287727606,85.33013899693024,87.31324231503712,85.46553623801888,1,1,1,6.882996125299892,3,4,1,4,1
STU0243,17,Other,7.597511071185555,72.78959480089337,63.77481693202472,67.87757137409162,3,3,1,6.137263561756524,2,2,9,2,1
STU0244,22,Female,8.186759054404739,87.48472172359406,72.6180910017243,72.41013258869489,1,3,4,6.682273874914319,1,3,3,2,0
STU0245,22,Other,6.810922531881076,89.75502409387168,71.07726480593044,75.60737768117444,4,3,3,6.4979379164608915,4,0,1,4,0
STU0246,17,Other,7.114043322813951,93.50023758790408,82.56222212459677,78.64651584334598,2,4,1,7.97411091817523,3,1,2,1,1
STU0247,23,Other,6.586446018629645,99.33985088063787,56.62231208333736,70.4030826958648,4,4,2,6.864916111638411,4,2,0,3,1
STU0248,20,Female,4.648291665080798,67.60300633608674,87.25465572356784,70.55897705917506,1,3,3,5.906911342960052,2,1,5,4,1
STU0249,23,Male,5.921990723152134,78.16677851199013,78.99493158255625,88.55798795705266,1,2,2,6.793377806445851,1,3,5,4,1
STU0250,17,Other,5.489381320019605,78.13533235942393,52.246123895505804,86.51424842931463,4,4,2,7.617741084354892,2,4,3,3,1
STU0251,18,Male,5.050216222048393,76.8231171776099,90.1239423822075,77.72892688123306,4,4,3,5.5795344066816615,3,1,7,4,0
STU0252,20,Female,6.104641025701897,70.20884496467836,100.0,92.62930884027514,4,3,3,5.024519573236024,1,3,4,4,1
STU0253,18,Male,8.62495567938163,60.17325596122714,87.02750954324112,67.362650853283,2,3,4,9.391291361002384,1,4,9,4,1
STU0254,19,Other,7.255563832295645,79.11215335234805,93.40477150839703,91.47568138355257,2,1,1,6.229087984349876,4,4,7,1,1
STU0255,22,Female,8.590563762321175,68.77973208542505,73.28057072403882,78.51018532242661,3,2,2,6.835176415696573,3,0,0,1,1
STU0256,18,Male,7.710982576900875,79.0319217689715,47.07742620392235,100.0,2,1,1,6.522645513009313,2,0,2,2,0
STU0257,22,Male,8.082558825715159,68.47147749961375,44.33819323248713,57.690216878610265,1,3,3,7.657705244898571,3,4,7,2,1
STU0258,17,Female,6.399103004695425,64.8040998498679,75.82623065801637,63.7278569733919,2,4,3,9.127347907709252,3,4,5,2,1
STU0259,18,Female,7.823950954192671,80.81158032452277,63.1203178840503,77.02557393840657,3,1,2,7.695920610075142,1,1,7,1,1
STU0260,21,Other,8.028714234074346,79.81105832167795,58.28135582508973,76.7668086357479,1,4,3,5.17796182295201,2,2,3,3,0
STU0261,23,Male,6.723352707766307,84.9513836558512,71.05879974046987,95.40166781010022,2,1,2,5.339051887589764,2,2,0,1,1
STU0262,18,Other,7.859540370616166,100.0,81.23377931791933,63.979503800405595,2,1,1,6.521242269607701,1,3,7,4,0
STU0263,19,Female,7.866187758574833,81.32747437453017,50.208636798567795,82.85902222432661,1,4,3,6.67812016056008,1,3,7,3,1
STU0264,24,Other,6.750447378869917,83.82098120476955,65.26683569579423,85.94955605618395,1,1,2,4.933658476544079,2,1,6,4,0
STU0265,24,Male,6.177231567729005,65.0692640535921,94.64806024680473,80.45577398664777,2,3,2,7.983209104209329,3,4,4,1,1
STU0266,21,Male,6.115871668101727,62.5571107135635,55.87067429667938,60.468043896908156,1,4,2,5.696415330542226,3,0,0,2,1
STU0267,20,Male,7.386505541921462,96.99395336128,85.04641780747434,88.89310566305038,2,2,4,8.791961874550907,4,0,7,4,1
STU0268,19,Female,7.627009868789314,66.91824264080036,64.72903857676509,86.75189917578497,3,1,1,9.184759116646864,2,4,6,2,1
STU0269,21,Other,6.5074741695420855,65.4726711423763,80.18690639774928,79.19501423748453,4,2,2,6.702095760841387,3,0,6,3,0
STU0270,21,Male,7.326585341326099,77.53081294540137,88.45991260804301,74.45217224650744,1,1,3,7.526767168501822,4,4,1,1,0
STU0271,19,Female,7.870537036138485,76.91769103947134,83.11922650477533,74.71329612053246,2,3,1,5.521663333498958,3,1,7,4,1
STU0272,17,Male,7.9181907146653,67.1699219226805,85.63739403320815,71.05517049312746,1,4,1,7.748411591774937,4,1,7,2,1
STU0273,18,Other,8.851880120122487,74.3403213754428,54.72609699888066,79.6894216110317,2,4,3,6.402169091878756,1,0,8,4,1
STU0274,24,Other,8.576980832198043,92.75250861180125,88.70489560111949,72.37361823533973,2,4,3,5.695317614093976,4,4,5,2,1
STU0275,20,Other,6.298708567243455,68.32807669401842,59.2096032804777,61.817700295768304,4,4,3,6.652798014096419,3,1,7,1,1
STU0276,20,Other,8.983586209538021,61.27593018760594,75.89312648357307,59.41690026206889,2,4,1,6.441102389913564,3,0,4,3,1
STU0277,20,Female,6.769023495444285,89.31112345079751,75.87369280495841,62.97556495617249,4,4,4,6.609808716395495,1,2,6,2,1
STU0278,23,Other,8.344872812454428,83.90756294325644,79.27683838304371,74.66558691059342,1,3,2,8.13961588337963,3,0,6,2,0
STU0279,17,Male,7.3679866260510885,70.55377655221606,77.05435014090286,71.67652996277751,1,4,1,6.057630888837121,4,3,7,4,1
STU0280,17,Other,6.887850621543032,59.013995806476984,59.34285032212915,74.58412551946499,1,2,2,9.08202759972865,3,0,8,2,1
STU0281,19,Other,5.492303140225067,69.06451972273724,51.75198881556426,78.00975760255334,2,2,1,5.409928440609575,1,2,0,2,1
STU0282,20,Other,7.1284354897836515,77.34354675780874,85.08523019942653,64.47214888899745,1,4,2,8.938516327814314,2,1,7,3,0
STU0283,22,Female,5.740616764694391,91.98806507860583,74.78751866278374,89.58792202014418,1,2,2,5.780187253711968,3,0,7,1,1
STU0284,20,Other,8.267299235842772,65.56101630156411,89.24065261436726,68.7874700754303,1,2,2,6.998784120956061,4,0,5,4,1
STU0285,20,Female,8.816792657139247,76.98576142186232,71.32900598718199,66.7988761826219,4,1,2,6.411764663826377,2,2,5,1,1
STU0286,24,Male,6.5030890107033095,86.10173591873877,50.9225345898456,77.78863484798943,4,2,4,6.587525594154575,4,1,7,1,0
STU0287,18,Other,7.601970742519271,49.424791918536954,86.49194521506159,49.96187757149913,1,3,4,7.9616286836266585,4,0,4,1,1
STU0288,21,Male,6.574608477992024,90.40543401526679,66.4444408550834,62.51358660332497,4,4,2,8.799792156674572,2,0,4,2,0
STU0289,21,Male,6.67151526986321,63.81059313352275,77.13005186131532,83.77287358430199,1,1,4,8.42862964594677,1,4,8,3,1
STU0290,20,Female,8.074494703865371,81.98394592148321,62.28810857280721,51.15093685125467,2,3,4,6.514172401189783,4,3,7,3,0
STU0291,23,Male,7.261461738156587,80.96019779532892,96.66452565350536,85.41089036319786,2,4,4,7.221106266885464,3,3,2,4,0
STU0292,19,Other,9.039648041931011,91.01503669756613,58.85152763725205,90.13363879630961,2,4,1,6.061506551597965,4,4,8,4,0
STU0293,24,Female,6.817767521297079,84.61109257072249,66.93855368840738,67.56653594611502,4,4,2,5.8101396249103665,4,0,3,2,1
STU0294,19,Male,8.299336332474489,49.47251409924023,73.61173054045975,75.50175320911572,3,1,2,5.624438913125598,2,3,1,4,1
STU0295,21,Other,7.397413412957782,68.58264903412811,55.61726509369563,85.42904501821232,3,2,1,6.474912031619045,1,3,8,1,1
STU0296,21,Female,8.095778009744233,79.65846155223936,76.95779292881393,66.39852974347777,3,4,1,7.29952675721793,4,1,2,1,0
STU0297,23,Male,6.852842342670053,75.66024136656256,96.17865716201236,82.41330624631418,3,4,3,4.705821808298195,3,2,2,2,0
STU0298,20,Other,7.250441162448417,83.73132875708124,64.64306758959434,63.94621445843194,1,3,2,6.944375556903081,1,3,2,3,0
STU0299,19,Female,7.184501120701065,87.47239866803646,77.92714228547588,66.26877248000184,2,4,4,8.819230149459429,3,3,4,1,1
STU0300,17,Male,6.4639428851542124,85.30142083715614,30.75846920942167,62.40796242810032,1,3,3,8.34629328288895,1,1,1,4,0
STU0301,19,Other,7.962081534581753,75.42870068934641,71.41606199272739,76.11176639033764,3,1,1,6.297779108168001,2,3,1,2,1
STU0302,23,Female,7.950249005578364,55.84395586655424,67.30436571110693,85.89562863078659,2,4,4,5.3237525088606565,2,3,3,2,0
STU0303,17,Other,7.893554694905567,72.53422501374219,59.72253596384422,69.79064481459403,3,1,2,7.551796367757792,2,0,2,3,1
STU0304,24,Other,8.836965653917645,82.99641777766746,88.22175704442799,56.74501008105116,3,2,3,4.219086099750999,3,2,1,2,0
STU0305,21,Female,8.749344801236303,64.91463296939426,67.10634477564258,59.00751813255821,2,1,4,8.332184939059212,4,2,9,2,0
STU0306,18,Other,6.9250553101508645,85.57529676145892,69.33783769359619,76.73519305644649,1,3,3,6.743695050540111,2,1,5,4,0
STU0307,19,Male,7.673052318434178,88.90071956720766,66.34210687816393,94.12939696073123,4,1,1,9.197560384692881,3,0,0,2,1
STU0308,21,Male,6.676399310741787,79.52240371555011,43.24776192352385,76.72469999177277,2,3,1,4.927641417308241,4,0,1,1,1
STU0309,19,Female,7.323355316114555,41.23464160425125,55.02020339884558,67.35724139218497,1,4,2,8.1017754702494,3,3,8,3,1
STU0310,17,Other,6.700250550881135,62.66293964745836,86.41640229180325,81.1942076022034,2,4,1,6.879389395822962,2,4,2,3,1
STU0311,22,Female,8.920070309136051,100.0,40.350740296800424,69.12601637295904,4,2,1,6.602739362233503,3,2,1,1,1
STU0312,22,Female,7.663698150342963,71.44154648365947,60.50526975576442,67.46057739162953,2,4,4,5.3561878417454265,2,4,6,4,0
STU0313,17,Other,7.081970871895578,54.19028132245205,66.00419915565354,60.49849073165684,4,2,1,7.71489748805406,2,4,8,2,1
STU0314,19,Other,8.493618571856377,92.82296865972327,98.15432800937347,88.90138613095627,2,3,1,7.81136486173223,3,3,3,1,1
STU0315,18,Other,5.129384590204588,78.16026709852407,83.52905648244554,41.52950499005203,4,3,3,9.142153362359068,2,2,7,1,1
STU0316,22,Male,5.28589740513471,91.25928586749271,63.6424420942035,81.57431040335123,3,1,1,8.20966031543271,1,4,4,3,1
STU0317,22,Other,8.095838655219774,81.32350410263238,91.56770545673326,66.43506074642956,1,1,2,6.287325605253118,4,3,1,1,1
STU0318,22,Female,7.360468448117368,83.50270963454602,60.89226269248321,67.07591122258064,3,1,4,5.795364899658982,3,4,7,2,0
STU0319,24,Female,7.55044630026076,82.3561109725742,87.13649705601009,92.30778187341375,2,4,3,5.357810279773137,1,4,9,3,0
STU0320,23,Female,5.9736038966814515,86.369859743052,51.616841311154765,63.43042689359938,1,4,4,8.767869214767364,2,0,9,4,1
STU0321,19,Male,7.276766289149633,100.0,88.09886747683736,63.839170151659076,3,2,2,6.066190858866561,2,3,1,2,0
STU0322,17,Male,9.303509410401341,89.65207603151026,65.90799531793522,70.43526913296563,1,4,3,8.776275842765568,4,3,5,4,0
STU0323,21,Female,8.124199619795863,59.03592818585358,56.572436385880955,76.96616862974686,3,1,1,7.63008644903448,4,4,6,2,1
STU0324,24,Other,7.469706545142812,83.35993818334684,68.74284580385529,66.69773061248557,4,4,2,7.395883457912753,3,1,0,4,0
STU0325,24,Other,6.860946089895062,91.69776921723862,76.16016269580322,53.113692833569374,1,1,1,6.631758024927642,2,4,9,2,1
STU0326,18,Male,6.905427148130606,92.43240967843376,64.57877354211432,61.611621829418816,2,1,4,7.792807495602701,1,2,1,1,1
STU0327,18,Other,5.170802110799983,72.8807402032908,80.30930258992986,87.37600627757423,3,4,1,6.981435084595837,1,1,2,3,0
STU0328,17,Male,7.55764042092116,91.97933334225753,63.25509174503899,72.89732146962614,1,2,1,6.556944050237427,1,0,9,4,1
STU0329,18,Other,8.145483108481853,89.13290879461447,81.30558590897037,77.41304740444586,2,2,2,7.83520574397784,4,1,5,4,1
STU0330,21,Female,5.724380672829385,100.0,78.633330930549,68.86294551392355,2,4,2,6.827233468934644,1,4,6,4,1
STU0331,21,Female,6.638583107693184,68.99997916501786,71.08615417938097,64.08602764592077,1,2,2,6.041998265513408,3,3,4,1,1
STU0332,19,Other,6.142535367766578,71.9111930831949,65.37926531451075,92.13083339850493,4,4,2,7.719792130552781,4,3,7,3,1
STU0333,19,Female,6.334648805191236,74.32657141848055,74.273111936479,69.74169771538703,2,1,2,6.923217213245722,2,4,0,3,1
STU0334,23,Other,7.3534816268219,72.1173341995347,80.2538061455055,66.67956144567448,4,1,4,7.5866920141093654,3,1,6,3,1
STU0335,20,Female,5.2155978450115255,67.31975100283677,100.0,85.15370839626408,3,2,3,6.455368169974976,4,3,0,1,1
STU0336,23,Other,7.914270438357064,44.84789393191508,86.09130632697271,63.33167569359138,4,3,4,5.549054434382853,2,1,1,1,0
STU0337,24,Female,8.053855069933682,72.78360631532239,86.63984924723762,64.86327187471204,4,1,4,9.08208875501713,2,4,5,3,1
STU0338,19,Male,7.048897411963087,82.43229671639885,100.0,72.12296020820277,3,1,3,8.855933692916288,1,2,4,4,1
STU0339,18,Other,4.819291490015458,72.08133785392907,79.73937715151766,72.00324124905816,2,3,4,8.060541953514353,2,4,1,1,1
STU0340,24,Female,6.30358137399761,100.0,79.26965266967554,75.11533617483857,2,2,1,6.534627177550872,4,3,7,1,1
STU0341,22,Female,8.532901934102696,78.16050975259036,82.56022611482481,97.10002907274585,4,2,4,6.639618432206713,3,3,3,2,0
STU0342,19,Male,4.522005719271427,93.49234866220962,56.8655103361762,76.03497895622844,2,1,2,8.658792935075757,1,4,8,2,1
STU0343,21,Male,6.952476587806481,81.13704495275962,65.34147545371866,43.4633524469904,3,1,3,6.575403954919104,3,3,0,4,1
STU0344,21,Female,6.119999221532741,87.9168877187191,64.40746099961498,75.91558732117873,1,1,1,6.240932756383243,3,1,2,4,0
STU0345,24,Male,8.104570301584836,81.35089864720274,81.71420965829343,72.45455993387519,4,3,1,9.246681610763744,1,2,2,3,0
STU0346,19,Other,6.624886047856538,94.42541558284276,69.38738156668202,72.52140029221749,3,1,4,6.9427867820633535,4,2,5,4,0
STU0347,24,Other,7.703954020735611,78.6712722015888,74.07335138211454,74.95136771275405,2,1,2,9.122110394216614,1,0,4,1,0
STU0348,24,Other,7.865460419169093,83.95344849706542,88.31181930222697,71.6558605479024,3,4,1,5.321929707171997,2,2,1,4,0
STU0349,18,Other,9.13622583973002,82.39599520380052,84.94726108056209,71.36865488333534,2,2,3,7.621821859341402,2,2,5,2,0
STU0350,18,Female,7.09705805632463,74.54057450247217,69.5741849543813,79.35653051724944,1,3,1,9.485299119059938,3,1,9,2,1
STU0351,21,Male,7.676044369622611,82.85978782709613,61.950073546826665,65.49503043366599,4,2,2,7.035700893590635,4,0,1,1,0
STU0352,17,Female,5.814944520872563,100.0,89.02912097479782,60.627763972329895,4,4,3,6.683194609278645,1,2,2,1,1
STU0353,19,Female,8.490413563293744,74.7552366948547,83.608367713648,100.0,4,4,3,5.598697698881896,2,2,4,1,1
STU0354,20,Other,6.539491151928635,83.03357871423898,47.90614772556927,63.4097106746252,2,2,2,8.298811665322297,2,0,7,2,1
STU0355,24,Male,6.7392458359122545,93.09334741043331,67.30269091637578,73.20171494952092,2,3,2,6.075846300831175,4,3,1,1,1
STU0356,24,Female,7.277752205150789,91.68303937133136,74.48273193025143,54.05207698949559,1,2,4,6.8862297287320136,4,0,2,1,0
STU0357,18,Female,5.73711565466015,78.14059701263238,83.68244575681547,73.39762098061706,3,4,1,5.518597264248866,2,0,2,3,1
STU0358,24,Male,7.528770028928938,49.39933556451166,85.65152242409657,60.80129339172798,2,2,1,8.868273520116919,3,2,6,4,1
STU0359,17,Male,8.267466272925011,84.2004338237816,76.2585900176321,66.69032468579987,4,4,1,8.38586237287082,4,1,0,1,0
STU0360,22,Female,7.592933823497291,51.366308896523364,80.77871297038284,84.54077598925349,4,3,4,6.962098300944243,4,4,6,3,0
STU0361,23,Male,5.7111024358212745,95.63924677129478,72.9620520356723,77.66411482053688,1,3,2,5.6150212772956865,3,0,4,4,1
STU0362,24,Male,7.17619070567034,80.03368645431912,61.892224677291594,78.82091429489783,4,2,1,8.843088459091158,3,1,3,2,0
STU0363,18,Female,8.04202890297949,89.99608823846387,68.08103413438118,50.745541939297645,1,4,1,6.560881927543424,4,3,8,1,1
STU0364,24,Male,5.422011234034092,67.17466634182739,72.28486779960163,94.04274203794816,2,3,1,5.673754191018977,1,1,8,1,1
STU0365,17,Female,6.225233986182285,59.36991032039935,71.47981124972115,57.6974242686975,2,4,4,4.885458385032948,2,4,8,4,0
STU0366,21,Male,8.17654360408152,81.129052609694,43.71640643334794,90.34272977152638,4,4,2,6.2248418417274705,3,3,8,2,1
STU0367,20,Male,7.570095434197286,77.5967587205263,66.03774997605854,84.25852639177783,3,1,1,5.254434252964073,1,4,2,1,0
STU0368,19,Female,7.711971582126754,72.10151008611402,72.84308479633728,78.92799290141616,4,4,1,6.2526149961726105,3,4,8,4,1
STU0369,17,Other,9.159494807623311,79.01593536879317,67.77945012141448,61.74018262909942,3,4,3,7.893290480437258,4,0,1,4,0
STU0370,23,Female,7.768552778506202,100.0,68.29764306732622,73.81907813783428,4,1,3,6.54951980322972,1,2,3,3,0
STU0371,19,Other,7.957888010433179,88.0143065684287,79.31987056206881,66.34894307226168,4,4,4,7.426832058536453,4,3,5,1,1
STU0372,22,Female,10.0,90.59398327035983,55.815642194270495,72.3484748580635,4,3,1,6.131998408561322,2,0,7,1,1
STU0373,20,Female,7.086195441909509,88.12724269864026,47.57936679073183,69.00153289097328,2,2,1,7.078202879637078,4,2,5,1,1
STU0374,19,Female,6.502117236381505,95.75354572622632,66.77745313744988,47.5366739211311,2,1,1,9.305080986503224,3,3,5,1,1
STU0375,24,Other,7.727796398247133,75.71913992519106,83.46171608252685,85.46140981181506,4,2,2,6.581816706367724,1,3,3,3,0
STU0376,17,Other,7.738991029388894,53.34286430789648,97.31329559229958,71.02671412140766,4,1,3,7.46131532514359,3,2,5,2,1
STU0377,22,Other,6.773284608053792,75.73696640392788,83.7319235864211,66.18239520597315,4,3,3,5.1213673270378735,1,4,4,4,0
STU0378,22,Other,6.267602980445153,87.74082851995803,49.97604360196729,65.27607320604278,3,3,1,8.824127346900244,1,3,4,1,0
STU0379,20,Female,9.609844422090077,66.36239525861912,68.51449140934844,76.30151491640122,4,3,3,6.427352045266161,4,0,5,3,0
STU0380,19,Female,7.626843470388023,75.88360859412803,75.84951571622294,61.27492394046634,3,3,3,8.260640379887802,4,1,6,4,0
STU0381,17,Other,6.5677146185979245,69.69876308397224,74.66386675385388,44.93789329831148,3,2,1,6.852183645089314,1,4,3,1,1
STU0382,24,Male,8.215930302279599,96.02435102211757,80.0895682941431,76.88555763849931,1,3,3,7.733895238024967,2,0,1,3,0
STU0383,24,Female,7.190854848438665,86.99348418487877,58.24426580308859,78.22923597548186,3,4,2,7.8052149126532,1,0,2,3,1
STU0384,18,Other,7.047118553682169,85.8184874477275,72.97414631326114,69.60441810386841,3,1,1,6.4570715925847395,2,1,4,1,0
STU0385,17,Female,7.862272871914493,85.45921575745166,78.30484244664194,58.22516549771989,4,2,2,8.310287722914222,4,4,1,2,1
STU0386,17,Male,6.00811773176831,77.55300896937447,84.3850642995549,73.06722649067143,4,4,4,6.0892181632082805,1,3,1,4,1
STU0387,17,Female,7.652627203917172,80.37067539033004,59.91422750080812,54.42561158023693,2,4,3,7.933521064033052,3,0,9,4,1
STU0388,23,Male,9.212954807731752,63.77778503361219,66.82264699135654,59.67323283974809,2,4,2,6.531753647000163,4,1,2,2,1
STU0389,24,Other,7.76617766219731,51.76269625499319,31.4427347988999,62.991624761950064,4,1,4,7.419469538358472,4,4,7,1,1
STU0390,18,Other,6.923787896216536,79.80097356414029,62.67807048633339,82.12726885069867,4,2,2,6.445608397174887,2,1,1,1,1
STU0391,22,Male,6.792894719571758,81.88788307526573,64.13377660543435,67.648668594757,1,1,2,7.059971169647914,3,2,9,4,1
STU0392,18,Female,6.889660026654891,92.51117482110453,56.706232377488355,66.62560305868247,2,4,1,5.71036755796988,2,2,2,3,1
STU0393,19,Other,7.046037321952219,96.85602979298841,74.48418225348978,95.45631018493495,4,3,4,7.297068381626553,1,3,3,2,0
STU0394,21,Other,6.922193467241728,96.83998181998736,71.16081851932098,76.22954996626457,1,1,4,7.053025401951503,1,3,7,1,0
STU0395,22,Male,8.216311441074566,66.02371688047347,38.111791836335826,76.06793412569792,4,1,1,6.351815735113033,3,4,2,4,1
STU0396,23,Female,5.566790896791017,73.77281958060277,75.23261953952635,67.5635910574947,1,3,3,6.933966440331645,3,0,5,2,1
STU0397,17,Female,8.162000050412134,83.76401155057656,58.07513803816459,64.84353998835867,1,4,4,7.160805371401492,3,2,7,3,1
STU0398,18,Female,6.920313474857439,100.0,79.28533438785773,45.7631227197942,4,4,3,6.260371536081865,4,3,0,4,1
STU0399,19,Male,7.676947785695372,95.76119044456699,52.77223128407002,83.6248863830827,3,4,1,6.845489709124397,3,2,0,3,1
STU0400,19,Male,6.173012089799136,91.43276594398057,72.4500980779641,77.37971646907656,3,4,4,5.793337670926094,2,3,7,4,0
STU0401,24,Other,8.628631066849437,73.34654453340852,67.75255006670241,69.85000808143904,4,4,2,9.814879646753209,2,3,2,3,1
STU0402,23,Male,8.545634960171872,67.4016044261385,76.54652827425495,70.35327957796493,2,4,2,8.270942392249822,4,1,9,2,1
STU0403,19,Male,8.259590525750074,87.46689460059888,73.8704591647702,80.83373114713267,3,4,2,7.327712926757862,4,0,9,4,0
STU0404,24,Male,5.78524522420646,64.79206482918768,68.17253737467819,53.34347912304176,3,2,4,8.406535512972034,1,4,8,3,1
STU0405,20,Male,8.129121071066052,75.13876378823637,48.95591528933633,64.92142402135434,3,4,3,4.624897027979467,4,4,9,4,1
STU0406,21,Male,7.704855087635709,76.62266461197693,49.841880548084525,58.36436564528964,2,4,3,4.0,1,4,8,1,1
STU0407,20,Female,5.694728752867432,97.11494506947369,63.24169591361672,93.25811138984096,3,1,4,6.520850725900113,4,1,3,3,0
STU0408,18,Other,7.275702616229184,73.74363236448387,71.8758017410562,82.50786638223961,2,3,4,5.345723027677469,3,1,9,3,1
STU0409,24,Male,7.6645344890332625,48.729004337128615,62.87628079201325,45.56768830637563,3,2,4,6.716073370662005,3,1,3,1,0
STU0410,17,Male,7.8560752738231505,84.05333577194962,81.37817895869199,53.834860480320295,4,1,4,7.246787968713878,3,0,5,2,0
STU0411,18,Male,7.477261366948856,69.61173776275288,67.81168621182475,70.41185191971016,2,1,4,8.104497398008734,3,0,0,4,1
STU0412,18,Female,7.591231416847379,78.51157229325297,57.524809128307346,66.33071745513091,3,1,4,5.634083218869744,2,1,9,3,0
STU0413,19,Male,8.773611392253095,76.95954358989452,67.82855560518136,56.10741350307734,4,4,3,7.479556823392086,4,4,5,4,1
STU0414,18,Other,8.52603390991068,74.71555205018679,75.38789754474828,95.33714685180587,4,4,1,7.017267631782679,3,1,9,1,1
STU0415,17,Female,4.432945046217256,87.48408698141645,76.87327078236876,75.75047896779095,4,1,1,7.417011171919701,3,2,3,1,1
STU0416,22,Other,6.982561445162318,59.60562145976751,100.0,77.6977958743571,3,3,4,6.376273659095681,2,2,3,4,0
STU0417,24,Female,7.135348972456049,71.79582930054768,61.96635989994871,63.695820609213435,2,3,2,8.659762167834543,1,1,5,2,1
STU0418,17,Female,5.547901427273029,86.20845495740858,70.897820076144,80.66728976613604,4,3,4,6.875789621884328,3,4,8,4,1
STU0419,19,Other,7.394183058232312,70.63098269586759,78.3918592022914,67.43480686821586,3,3,4,9.129018668204523,2,0,5,4,0
STU0420,21,Female,8.548757772410507,58.69431948876034,71.64865561198776,68.59988191551001,1,4,3,6.051533615581332,3,4,7,2,1
STU0421,24,Other,6.2134321404094095,86.02266411908083,64.4907278101702,79.33202351790312,2,3,4,7.891392807946664,2,3,2,4,0
STU0422,22,Other,7.636400938689873,91.47713556529847,48.76114235483635,52.452029219276405,2,3,2,6.928397823327366,4,1,7,4,0
STU0423,23,Female,6.384176522703562,77.46005750828392,64.33748161420476,91.16433431821179,4,3,2,6.606709099999883,3,3,7,1,1
STU0424,21,Other,6.628087976320323,54.46985281836561,55.89446380923299,74.1886705766865,1,2,4,7.758778408561056,2,2,8,1,1
STU0425,20,Male,8.777393634170036,86.4716369603858,46.100899783143326,87.3713305053651,3,4,4,6.640991824972493,3,4,0,1,0
STU0426,18,Other,6.757442179888175,58.08134542296374,60.0648173749412,59.094962920574176,3,2,1,4.0,3,0,3,3,1
STU0427,23,Other,7.762212489010625,81.705591322178,56.29362418850318,60.92201851166168,1,4,4,4.0,3,0,0,1,0
STU0428,23,Other,5.4287818839390125,67.35043410309409,80.75679817939422,58.057197340802254,3,3,2,8.52690659234086,3,2,4,2,0
STU0429,17,Male,9.16231756139488,64.08192857079642,81.0163775612144,75.00357207197807,4,3,4,8.476310149455635,4,4,7,2,0
STU0430,22,Other,7.902652446306499,72.69707979504372,58.441810656286876,72.79179962301896,3,4,3,9.264809135507136,2,0,6,1,1
STU0431,17,Female,7.117500157349738,75.80042932287289,68.09657054155318,66.42705816922583,3,3,3,6.978966102061387,2,3,7,2,0
STU0432,22,Male,7.875546509999895,70.26950099536262,44.12636006831197,59.83116968537665,2,3,1,5.448838237602531,2,4,7,3,1
STU0433,23,Male,5.8901805710521895,85.0644393385818,64.58490074725958,56.80084476322989,1,3,2,6.4964993888187985,3,2,9,4,1
STU0434,18,Female,8.482530741752656,72.647167458494,77.98472851053518,71.41819319435213,1,3,3,7.013709418433575,4,4,8,2,1
STU0435,20,Male,6.97601522450357,89.76229046006186,84.37406834421154,66.4129586449368,2,2,4,5.791554130857869,3,3,5,3,0
STU0436,17,Male,7.095930484951565,81.37407798772175,61.304293774630295,63.77271609170085,3,3,1,8.97828966756864,1,1,8,3,0
STU0437,21,Female,6.808344385034515,69.6293135208443,87.77782290791279,90.56507383357932,1,4,1,9.687403455572484,4,4,0,2,1
STU0438,24,Female,6.719348597254415,67.60872139401258,49.264621177297926,71.0120918616872,4,3,3,7.573936840876213,4,3,7,3,1
STU0439,17,Male,7.9946706116284085,58.23004441143074,53.28558301284311,87.24051520712311,3,4,2,6.986963503962165,2,0,5,4,1
STU0440,20,Other,7.555906850104223,81.48879813440188,82.64492798456814,65.60097380780763,2,4,4,5.446039625830681,1,2,9,1,1
STU0441,24,Other,7.95174814140304,73.7449494329837,97.06681842844871,74.93731540558389,4,2,1,8.85572067538726,2,3,5,3,0
STU0442,19,Female,7.291205310514428,49.53365366323783,79.40147982275543,71.33428780492397,1,1,2,7.091568173018856,4,4,1,1,1
STU0443,18,Other,7.8131998110771805,71.5714215267672,71.39486420198982,51.628532285782526,4,2,1,6.653002721907265,3,3,7,4,1
STU0444,20,Female,6.881151256074961,67.18759164894058,39.072243802166874,89.14005967516695,2,4,3,7.577408906409445,1,2,9,3,1
STU0445,21,Male,9.529731841409548,96.90813110604793,41.663294159347814,70.37815671561101,2,4,4,6.297146165212977,1,1,0,1,0
STU0446,22,Male,5.732069583569501,57.566656657280284,73.94114305343804,80.95701863559553,2,3,1,7.1762502077461825,4,0,0,3,1
STU0447,19,Other,8.560937323562984,60.703790403191356,66.62905995643239,62.97565533046129,4,4,2,5.269039778985208,2,0,6,2,0
STU0448,24,Other,8.667907450720971,91.3196357172684,55.41247226771823,70.02186742104283,2,1,4,8.30450462710292,3,3,5,1,1
STU0449,21,Other,6.447841194034406,94.28115788956757,72.98298871245076,61.59777168091974,4,3,1,6.874706750637192,2,4,5,4,1
STU0450,19,Male,9.529273610555974,69.0602047352923,73.72697051261714,86.83198179316072,2,3,4,8.390561032760814,1,0,0,2,1
STU0451,24,Male,8.295490282945318,70.41497012629307,86.16623802810409,75.73691216940811,2,3,4,6.758636586590057,2,3,5,1,1
STU0452,24,Male,8.271139006822912,85.39482475863976,74.04903424519051,76.40464232017065,3,3,1,6.8365603494592255,3,2,5,3,0
STU0453,20,Male,7.328022187025876,50.07480243665628,90.42591552501577,88.29820976525974,3,2,1,5.545219086049651,2,0,8,2,0
STU0454,17,Male,7.082773841781323,55.66567578593333,72.1199104432322,85.87609556278828,2,3,3,7.911708367621772,3,1,3,3,1
STU0455,21,Female,7.090591172960392,74.63119918979146,70.26997507788995,81.18411043363542,1,3,1,5.94899205517229,2,1,3,1,0
STU0456,21,Male,7.690530596319517,96.59868679354952,87.96468279370774,54.93927183555044,2,4,3,6.416293152160925,2,3,0,4,1
STU0457,18,Other,8.701186275033896,72.77123894199913,57.32338679937848,63.6518505657998,3,1,1,7.001256623299044,2,1,5,2,1
STU0458,22,Female,7.48131421786142,79.21124150082186,100.0,59.95334236786377,1,2,3,7.145469020427228,2,4,6,2,0
STU0459,23,Male,6.388556376862709,91.60547127076815,77.62886217250104,80.73040432350959,1,2,2,4.952683671738689,2,1,2,4,1
STU0460,17,Female,8.12442706238498,100.0,77.7124387925651,74.04782330100062,4,1,3,6.72303296141438,3,0,7,3,0
STU0461,22,Other,8.221150746394793,71.07781832222025,79.87643960958897,55.31385079643286,1,2,4,7.954276262372456,2,0,9,1,1
STU0462,18,Male,7.954659528447786,77.79795931519888,100.0,69.73506944386527,2,2,2,6.545994358571317,3,2,1,3,1
STU0463,22,Male,8.045498906524983,99.8646626561141,83.8876111750891,54.07065197137466,4,2,3,6.730321894944014,2,2,5,3,0
STU0464,20,Male,7.029071869842192,59.73360869770286,47.92416031494115,71.36212214316288,2,2,3,7.194887261011272,2,3,6,2,1
STU0465,17,Other,6.371010832869421,90.33097284664586,93.05205577151256,52.13552995215378,2,3,4,6.8488474809436015,4,2,0,1,1
STU0466,24,Male,6.43180656935922,65.7802136116649,66.88655130832474,78.34592992061536,1,3,1,5.763381397134875,4,0,1,1,1
STU0467,18,Female,5.664536751542142,79.22966840523787,73.60732609258986,76.53555151240889,4,2,1,6.9563846515997145,2,1,3,4,1
STU0468,21,Female,7.53694861154595,75.08857143119671,52.811190417371,94.89538192016258,3,4,2,8.192887804007075,2,2,1,1,1
STU0469,18,Other,7.216551216773406,66.50386079158525,79.89303027185844,82.1744794739681,4,2,3,5.7385888632794915,3,1,3,3,0
STU0470,24,Male,6.860012295470291,66.2027768681007,62.22938564898672,66.92502893012997,4,3,4,6.550621732617018,1,3,1,4,1
STU0471,22,Other,4.34438117565493,81.31697237104505,73.50254456990211,81.81684111929383,2,1,2,5.342042411277907,2,4,8,2,1
STU0472,23,Other,6.052682530305831,89.94647193795218,67.73851491958825,55.22803342865786,1,1,1,8.129658340588414,3,1,5,1,1
STU0473,20,Female,8.420840651403166,76.44316556173796,100.0,60.45032875582697,2,2,3,6.889170151794545,3,2,3,3,0
STU0474,20,Male,6.635373999936869,78.8413579047986,100.0,75.99771038490132,1,2,3,5.9797604396729644,1,4,7,3,1
STU0475,22,Other,7.660591677656841,84.85408879549257,72.69769755322112,46.10100404702487,3,2,2,7.110718720171813,1,1,0,1,1
STU0476,23,Male,5.909314570024744,66.34057472384448,72.95966567053281,71.55407058079341,1,1,1,5.555679742125457,2,2,5,3,0
STU0477,23,Female,8.738705482359231,86.87631010095508,66.39835550475728,59.75684049457895,4,2,4,5.759805362247512,1,1,6,1,0
STU0478,17,Female,7.155972339945324,87.83211716471696,88.59009437254178,73.21568466183916,3,3,4,5.247839764177863,3,3,8,2,0
STU0479,22,Male,7.590040396483535,100.0,67.06620194499934,59.06716370343284,2,3,3,5.7198649149311205,4,3,2,2,0
STU0480,17,Female,9.625779791881685,73.48674971328501,65.6799408803145,77.09097764946226,4,1,3,8.628805100799767,2,0,5,4,0
STU0481,19,Male,8.816440100589404,72.50301837998246,86.67889295497447,72.23192908400867,4,2,2,6.120258002460885,2,0,7,4,1
STU0482,23,Male,6.9934343787129425,87.22759045888495,63.92551357025026,88.80439100257597,2,3,2,7.5594701471817745,1,0,7,3,0
STU0483,19,Male,6.70677981512964,87.82925002694566,71.43367448327204,72.08081440921947,1,3,1,5.996438296052894,1,0,1,3,0
STU0484,23,Male,6.974454988480468,71.57895415947945,48.280338277335105,62.776286340462406,2,4,1,7.911440494915863,3,0,9,1,1
STU0485,20,Female,7.809898248476536,73.16204787683941,82.5628551768475,69.03736973007261,3,2,2,5.768701598882421,2,3,2,1,1
STU0486,18,Other,7.194775865749128,84.49357005861648,100.0,55.86916323579922,4,3,2,7.047073513314108,3,4,3,4,0
STU0487,19,Male,6.904755854996528,68.06898911118407,82.81838059199688,76.87364705646527,2,4,1,7.0634215718427384,3,2,1,2,1
STU0488,21,Male,8.767181250709042,73.07359214381982,93.92698751320958,79.07820295578327,3,2,4,9.79336640371191,4,4,1,3,0
STU0489,23,Male,7.185790108222163,79.07511320842121,59.308467957340035,100.0,2,4,2,7.756510345576198,1,3,2,3,1
STU0490,21,Female,9.59958909303732,89.95126421786709,75.54486423042302,64.53796811274714,1,2,3,6.288515182804872,3,4,1,2,0
STU0491,24,Male,7.390742563752172,70.74481660584551,57.85260113445916,68.78646511589781,2,2,2,7.822058756380617,4,3,7,3,1
STU0492,23,Female,9.085318394224727,55.89138645563194,68.58351681627985,65.09089770674142,1,3,2,9.56580936458225,2,0,5,3,1
STU0493,23,Male,7.657319422710627,55.00083038978147,83.58317216028757,74.54536441357469,2,3,4,5.044436691418846,1,2,3,1,0
STU0494,21,Male,8.262960573249448,62.8870431995264,73.52730919654948,76.58028641375536,2,3,3,5.989021548917528,2,2,5,3,0
STU0495,19,Female,6.575388948482275,62.24198738160075,50.810384660981676,71.35950186685787,2,1,4,6.715722929064047,4,3,6,1,1
STU0496,20,Female,6.446240777412588,76.1446708965611,52.2745634169337,85.03591100247638,4,1,2,6.499494127429659,4,3,1,2,1
STU0497,17,Female,7.759705955014987,63.73343815682874,51.282541027638395,64.59624595494267,2,4,2,6.60069196200415,2,0,2,4,1
STU0498,19,Other,8.288553242465316,69.56694048214555,79.37178884909386,83.83408857468855,3,4,2,5.4349212812881085,1,3,8,4,1
STU0499,24,Female,7.340256502000463,68.7109693802154,100.0,78.46197424369299,3,4,3,8.684747264260015,2,4,0,1,1
STU0500,20,Other,6.013606664916303,72.71390566982407,92.43687366000319,71.85564096121264,3,3,2,5.292869681828057,1,0,9,3,0
STU0501,17,Female,5.939741633710673,93.87005197827747,43.560222012809035,68.22076031091426,2,4,2,6.759744628453001,3,2,9,3,1
STU0502,22,Male,5.872863597813758,85.9433710731662,93.31613907104676,100.0,4,2,1,8.254996710112838,4,4,2,3,1
STU0503,24,Male,5.532377887060619,78.19355298331205,86.04600625521971,62.195896191095045,1,1,3,6.963778171424977,1,0,3,4,1
STU0504,23,Male,7.409485359447087,72.46768463302995,48.820500817068634,75.57519812362098,2,1,3,5.8247269997166775,3,0,2,1,1
STU0505,19,Female,8.425043921708024,72.80120812052374,67.45197574934254,62.997371157094406,4,2,3,5.381589212351251,4,4,5,3,1
STU0506,20,Male,7.286584213075191,81.93295763942339,88.43283617243713,93.42744898345566,2,2,4,6.724000964766661,3,0,2,2,0
STU0507,21,Other,5.039585242662147,85.01002888022748,80.25650266402178,82.64191594559044,3,4,4,6.09156452097944,4,3,7,1,1
STU0508,18,Female,7.1092395396654515,67.1085899267928,52.36357421418022,63.85980145390627,1,2,4,7.246277310043574,1,4,3,2,1
STU0509,19,Other,7.137201003367393,78.43776906737078,81.16113233694291,78.15113992117475,3,3,1,5.318258622730984,3,2,9,1,0
STU0510,18,Other,9.39599875022544,53.62056517604368,39.93749105879118,75.09234865531866,4,2,4,7.975642884265146,1,2,8,3,1
STU0511,24,Female,5.8428620870804435,80.54056541004717,68.65766736364183,65.80050285630314,3,3,2,7.138659427797357,4,2,4,3,1
STU0512,22,Male,6.909322397400804,87.14579090350423,89.06935154100073,81.09797060673807,3,3,2,7.227803673222972,2,1,5,3,0
STU0513,23,Other,9.005852680544564,74.6391764774295,72.2759132335698,76.67166469325292,4,1,2,8.72929213388802,1,1,0,1,1
STU0514,23,Male,7.749978341346548,99.79832395368126,64.51593675057082,74.58838456663143,2,2,2,6.474645401953761,3,2,0,4,1
STU0515,24,Male,7.863313073516425,67.42513863076739,85.34019380658523,71.49696346509205,2,1,4,6.129019966320131,3,4,5,1,1
STU0516,17,Other,7.414584437023878,80.60928498363913,86.62127722629873,77.17265391119581,1,4,3,6.342683645983752,2,4,4,2,1
STU0517,24,Female,7.6299435386572645,77.57010304000853,91.65059539300425,74.75265193790952,3,3,4,6.768968116572091,2,4,3,2,1
STU0518,17,Male,8.077609530278536,76.7964279906791,85.11513642669581,72.7091199963002,3,4,4,6.890842126250406,1,0,0,3,0
STU0519,20,Female,6.490513681107234,76.62813398394303,88.2206219090572,64.30780900814923,4,4,2,6.003162716077872,4,1,8,2,1
STU0520,21,Female,8.1780585789082,79.28526036011365,82.99362836156303,92.32519488914991,3,1,3,4.572297696360329,1,3,4,4,0
STU0521,19,Other,5.926996983114461,88.1755049215644,75.98292973674708,59.39496067981744,1,3,3,6.326885198945154,4,2,4,4,1
STU0522,18,Other,7.628367972831538,94.53283483529694,73.3426349964572,77.13163462655695,3,1,2,7.431790799544268,3,1,4,4,0
STU0523,18,Male,7.478740963286327,77.97299706595011,68.44110421353896,68.1571110923828,4,4,3,7.163509967504191,3,1,4,1,0
STU0524,23,Male,6.683706911807892,87.7837928660596,53.81447560410412,93.1145672333916,1,4,3,8.439465363790992,3,0,6,4,1
STU0525,19,Female,7.277314724674353,69.57879664479862,57.67032736770287,61.15820955331391,2,3,4,9.346583852756545,4,1,7,1,1
STU0526,19,Male,6.677459847334447,87.19146543271479,67.76978277097186,63.17684085887602,4,4,4,7.911200525750162,1,2,5,4,0
STU0527,24,Male,6.228298673138255,68.85610171407612,75.62178239403644,60.362183240858094,2,4,3,8.659024770889872,4,2,1,4,1
STU0528,18,Male,6.946385258386355,91.08791923305759,93.61218897006395,75.88158061140733,4,4,4,7.920129150715744,1,2,8,1,1
STU0529,24,Male,6.196011364628339,100.0,71.37304158186731,55.5233920851763,3,1,1,9.05187910711286,4,1,2,1,0
STU0530,24,Other,7.622797464093248,76.53499334434329,87.05214436316496,66.2576580629068,3,1,4,9.22102436114952,2,1,0,3,0
STU0531,21,Male,6.1499145058476365,51.6894781103111,88.18973484648181,46.171610125748586,3,4,2,8.141398204934712,4,4,0,1,1
STU0532,18,Male,8.01197702299105,71.42312480106213,68.52829803466814,74.88505624953709,3,2,2,7.847656175709503,1,2,7,4,1
STU0533,18,Other,6.1185209320711795,92.78250161147164,80.92035317055276,65.99742169492485,4,2,4,6.753721393675159,2,1,3,3,1
STU0534,19,Male,6.733705084418993,84.63692144430294,68.34707937412708,54.14331907281776,4,1,2,6.950395262843308,3,3,0,3,0
STU0535,21,Other,6.675396591784821,80.98696318410036,91.83203841117715,85.0273128356887,2,3,4,6.594595202379685,4,2,8,4,1
STU0536,18,Male,8.625146728874839,90.10402027145807,81.53765007398898,56.307997219380724,4,4,2,7.745501933074067,1,2,3,1,1
STU0537,20,Male,7.630289945616592,83.81344127098106,54.142743679674666,81.56332428033858,3,4,2,6.135582355168782,1,1,9,3,0
STU0538,17,Male,7.088266197455606,92.61270224941364,74.4228697823077,63.58751011214635,3,3,2,6.770672548264108,3,3,8,4,0
STU0539,21,Other,7.798719441069723,89.03308411976383,96.72168242735819,91.21885653474511,2,3,2,4.17379613778604,1,0,0,1,1
STU0540,17,Female,5.192807652670312,96.2604054328435,69.28153448179948,80.99460646711375,2,3,4,9.067707873727011,4,4,6,1,1
STU0541,22,Female,7.256866410359092,82.30555300687506,78.71572545142602,59.90342554951167,3,2,1,6.735430500896418,1,2,6,1,1
STU0542,17,Male,9.297514177804763,88.86311281792746,80.18818256608718,60.99500937347632,2,3,3,7.546696524803892,4,2,1,2,0
STU0543,18,Male,7.432346506402673,74.31447512297058,56.45065651253099,79.26630246269173,2,4,4,8.749344033653683,3,1,3,1,1
STU0544,18,Female,7.367913169169335,70.78247026129193,79.66061923820271,68.851462431478,4,2,2,7.360352124929416,4,2,4,1,0
STU0545,23,Male,7.848128379642196,98.48121168502769,51.09247271948061,69.96788991574361,2,2,3,8.733212442512118,1,3,1,4,1
STU0546,17,Female,8.195605243314345,80.59445611587226,62.61563840397906,87.26686634126517,3,3,2,5.50991462541836,2,2,7,2,1
STU0547,20,Other,5.30253330711014,87.65856679034854,88.13584451241289,63.01573351956052,1,3,1,9.876851907517242,2,0,2,2,1
STU0548,21,Other,5.6176735182089725,79.48488017293668,77.35134435462537,73.09552526610545,1,1,3,8.30453223818652,1,2,9,2,1
STU0549,21,Female,7.510291291086147,70.96181218896042,67.43283288380209,83.45553352382767,4,2,4,7.2510429909839695,1,1,8,4,0
STU0550,22,Male,6.585123438102491,78.13179471098881,78.69691531867781,81.7094098606272,1,3,3,8.710095199150535,2,0,6,2,0
STU0551,23,Male,8.612025262219914,95.23192821321257,71.09861628367302,70.08464798975193,4,3,2,5.597638136812754,3,4,1,2,1
STU0552,20,Other,6.984825610114776,84.66288089135308,72.18867753527749,68.5331294297681,4,3,1,6.653662145476607,3,1,0,4,0
STU0553,23,Female,5.365469264286882,57.46232208323449,81.85227790080206,51.134214449748825,2,4,4,8.733100475682855,1,2,1,1,1
STU0554,19,Female,6.031986083156003,75.41706652108614,61.08948389011302,59.32506008801765,4,3,4,4.7595277829260425,1,0,4,2,0
STU0555,24,Female,4.550323980369424,99.38752551245655,72.60504608332036,75.8203107188968,2,3,4,7.672549329950566,3,1,7,3,1
STU0556,21,Male,7.065874462717087,75.43443765780053,67.31597708090021,70.34541373269316,4,2,2,7.638611391814185,2,1,1,3,0
STU0557,22,Other,7.111615872735617,56.394255699189834,48.215949380996165,72.89912494279471,1,2,3,9.363070980186595,4,0,7,4,1
STU0558,24,Other,6.8755372902181024,100.0,58.1931636562605,84.47104331560872,2,4,2,5.100453496333317,2,4,0,4,0
STU0559,23,Other,8.378879039029739,86.18871011775352,95.52309670595749,57.75212269125271,2,2,1,8.93155726843796,2,1,2,2,0
STU0560,23,Other,8.498519836516694,77.1598456942464,77.7708497187785,69.1658363732082,4,3,1,6.328635108221317,1,2,5,4,0
STU0561,21,Male,7.129611576643889,73.54298716701518,52.14617547897916,74.26453156093461,1,1,2,6.463588648105774,2,2,8,1,1
STU0562,17,Male,5.165306332523144,90.98822315750083,48.894684362273836,63.55008074910581,4,1,3,5.533594735648248,3,2,7,1,1
STU0563,20,Male,7.917281580492258,71.49619919728569,70.31754149834124,89.177725367129,1,1,1,5.6945775550396895,2,2,5,4,1
STU0564,18,Other,7.855360228508575,91.77907709419186,95.41779799764723,82.90304161935777,2,1,3,7.484226816944707,3,2,0,1,1
STU0565,24,Female,7.609391570156945,84.50634342869107,69.1986279779347,75.48159992506507,3,3,2,5.665201702262373,1,0,2,2,0
STU0566,18,Female,8.281479749308115,80.9361831058482,91.60499330106023,93.53078135194303,1,3,4,7.888341200383499,3,3,7,3,1
STU0567,18,Other,6.13517190353896,79.74617766402714,77.27896156227986,54.01325664467829,2,3,2,6.204440743636296,2,0,0,2,1
STU0568,18,Female,9.308755386185139,75.90038355942987,79.0687568676884,71.90728462673182,4,2,1,5.544359432981623,4,2,7,4,0
STU0569,22,Other,6.340572246858132,90.54768144251119,51.964192360431454,76.39604362720873,4,3,2,6.366629024368127,2,1,7,2,1
STU0570,21,Other,8.049222927200855,67.61588601477798,86.06284382624636,61.02533943847293,1,1,4,7.404048630107567,1,2,7,3,1
STU0571,24,Male,5.612652305586648,58.536898478037486,66.9760194408959,75.60857450181274,3,2,2,6.667176085682777,3,0,2,1,1
STU0572,20,Female,6.369735312729949,85.3732814747097,84.94638680416362,58.72101007454546,3,1,3,7.041052141999358,1,3,2,1,1
STU0573,19,Other,8.816368646725335,85.57485993680578,59.7874502702083,80.28668781929103,1,1,4,7.835448954203301,4,2,1,1,0
STU0574,17,Other,7.03910017699915,83.7628938301412,74.65574021264868,84.69401721754687,3,1,2,8.298905741940338,2,0,3,3,0
STU0575,17,Male,8.139922605132798,82.89274043541647,77.28004430906446,75.26800081353994,3,1,3,6.627885629692683,4,0,5,1,1
STU0576,19,Male,7.536955388719246,74.15351545994943,69.689500251362,49.76642621922065,3,2,1,5.7469335813086095,3,2,1,3,1
STU0577,24,Female,7.195041843999827,87.4497924526263,78.06817789629235,60.398477746007586,2,3,2,7.09131337470702,2,3,5,2,1
STU0578,21,Other,8.663850324932689,77.4533024789455,68.00404387211236,78.77652003855793,2,3,2,7.564779503324886,3,2,2,3,1
STU0579,24,Male,7.0633411753481,72.15463727021786,62.26410370438081,72.25438372214839,3,2,3,5.247129632833659,1,3,5,4,0
STU0580,17,Female,5.519261892436529,74.2573042529352,96.08225074190946,39.671968587690145,3,1,4,5.931270043590898,1,3,3,4,1
STU0581,17,Male,6.496759908048295,100.0,87.73429299542164,86.91396460641889,1,1,2,6.136975724844471,4,4,9,1,1
STU0582,23,Male,7.851191728701694,57.18028701545481,60.58702882427735,73.63987807504598,1,3,2,6.750613373535548,4,4,3,4,1
STU0583,17,Female,7.695509106362508,83.99745725154959,80.5266645839192,62.17110403199946,3,4,4,6.086759315647857,4,4,8,4,0
STU0584,17,Female,5.732941749764562,57.8506748685154,60.859817179482704,83.93946717079997,4,2,2,7.84844887011628,2,3,1,3,1
STU0585,20,Female,6.575657480591799,76.70119994012433,54.229730345065136,63.86951984511721,1,1,3,5.073840158249899,2,2,0,1,1
STU0586,24,Male,6.718278650797753,72.79647017814975,87.50714162098464,63.73857458874942,1,2,3,5.10433756336669,2,2,1,3,1
STU0587,22,Other,6.934530405885774,52.97966043984147,46.43850561528892,76.30023181216843,4,1,1,6.599333426186245,3,3,4,3,1
STU0588,17,Male,5.924086411398449,82.66845108520516,85.90283870364811,93.37246151090754,3,1,4,6.789216635032172,3,0,9,3,0
STU0589,23,Other,6.6716288918805216,73.43954325369364,68.20916531140412,91.48304613567464,4,2,2,5.254427352570276,4,3,1,2,1
STU0590,23,Male,6.571389514740472,52.80952388926507,68.82680095379207,76.31653798684928,4,4,3,6.271901388822922,4,2,7,3,0
STU0591,23,Other,8.07153325976192,88.07481708929103,78.14626829434934,77.54862790620383,4,3,2,6.518747419097092,2,2,6,3,0
STU0592,24,Female,8.109121310990243,95.22007413586722,80.71798217991379,81.4979871850179,1,4,4,6.528042463573425,3,4,3,2,0
STU0593,18,Female,7.154189541911184,95.88149210755887,59.60485234756638,56.91619589556781,2,2,3,7.182257779947149,3,3,3,4,1
STU0594,24,Male,6.907960204129268,82.30747728781765,82.76588413125096,79.72978004582379,1,2,1,6.206105338691725,4,4,9,3,0
STU0595,19,Other,7.439924312039113,78.55269766292538,73.70055807037835,63.191118382277665,1,2,1,8.773403560009928,2,4,7,2,1
STU0596,23,Male,6.483424892544425,93.93787945074956,53.159178106979425,75.82173680155897,4,1,4,7.585845567680287,1,4,2,3,1
STU0597,21,Female,6.153167917832559,98.18860302408117,69.45188274630391,69.27038846871196,3,2,3,6.031463775230414,2,1,9,4,0
STU0598,23,Other,6.359778791074283,91.6028244345075,92.71918523338388,78.01449992537057,1,2,2,7.113413792041087,3,0,4,2,1
STU0599,22,Other,6.665186836028543,66.7015487732424,97.14892197368545,73.41724158007752,1,2,1,7.148818382326726,4,1,0,3,1
STU0600,22,Other,6.1365262002077285,80.41613823857907,82.76022686413016,35.1236367501444,1,1,1,8.457665769397337,4,3,8,1,1
STU0601,21,Male,7.462059559062874,83.27419373149715,54.144847677474445,74.14670054046216,2,3,4,6.279541085300378,1,4,8,2,1
STU0602,23,Other,8.029715673783707,56.28459637299325,79.35910353683832,79.70583542759115,2,4,4,7.920806437264688,3,4,4,3,1
STU0603,22,Other,5.712901699201758,83.6323279154493,84.76291355788788,77.35114018006145,2,4,2,7.050225370938973,1,3,7,4,1
STU0604,18,Male,7.325128711216033,100.0,82.88561974978083,70.76896864549704,4,1,1,8.78987981973852,2,3,2,3,1
STU0605,23,Male,7.080064204733664,85.6792339896095,83.77431433031877,91.70594030316488,1,1,2,8.549069743167289,4,4,8,3,1
STU0606,21,Other,7.641508685536802,95.68095697730108,77.44894618871297,75.73647754945993,3,4,1,7.23637516551112,4,3,3,2,1
STU0607,19,Male,7.287061231896412,80.19497676154447,70.91381491754184,77.25207960231728,2,4,3,6.6852608547807275,1,0,2,3,0
STU0608,21,Female,5.8464007200683685,77.12138011219415,62.87448756143972,84.53390272860682,2,3,3,7.6079270916153465,1,2,5,2,1
STU0609,24,Male,6.037610701142834,82.5752566809717,43.53096722247756,76.35111599635918,4,2,4,6.783459967447401,3,1,2,1,0
STU0610,23,Male,7.329423575584973,68.21008022418681,77.09462650070026,61.22378695902955,4,3,2,9.016368527174002,2,3,6,1,1
STU0611,23,Other,8.328780919745508,66.43469775318734,74.79079265478283,42.739951034644534,1,3,1,7.094164093812414,2,3,7,3,1
STU0612,20,Male,5.085812628956997,93.19565468603238,80.36363764237224,66.27454917578302,2,4,1,6.5132288409845955,4,1,4,4,0
STU0613,23,Other,7.64572657980158,94.46810811439822,51.93684460060659,81.1313463105734,1,3,2,6.448461896711289,4,1,7,2,0
STU0614,20,Other,8.489622005287643,66.10672421295179,81.6752503397259,67.76284402298633,2,1,3,5.544357297761551,4,0,4,4,0
STU0615,22,Male,7.146974123793787,89.61598565464638,100.0,81.61414046738075,3,3,1,7.667870953711987,4,1,9,4,0
STU0616,22,Male,7.850202496026441,76.95648029272775,73.17675196166867,73.78473811104328,2,4,4,6.015986556832597,4,4,2,3,0
STU0617,18,Other,6.596930919102197,82.07770289388517,71.07502021190189,87.45679284314622,2,2,2,8.317777902625297,3,3,7,4,0
STU0618,19,Female,7.180633800723123,83.52262367322076,76.63503534128552,68.45739951455207,2,1,4,5.448477935198112,4,4,5,2,0
STU0619,17,Male,5.679086481691848,89.93220561749182,100.0,77.61137791881225,2,1,2,7.152689738767901,3,4,9,2,1
STU0620,18,Other,4.955656691581126,78.99261842235826,56.64528357450163,78.07062077442431,2,4,1,8.380268510196943,1,4,2,3,1
STU0621,20,Male,8.242765801225275,94.92194394362323,75.04810400090858,90.01922247157432,2,2,1,4.417303522451636,4,0,1,3,1
STU0622,20,Male,6.315005072275558,81.7129540771191,60.00513866553534,51.52035232398866,3,3,3,9.421918652550623,4,1,8,3,0
STU0623,18,Other,6.844472154996569,85.49021126963439,63.794929187325074,66.49910070536211,1,4,3,6.489657763362269,2,0,9,2,0
STU0624,20,Male,5.913557746729807,68.00084890155304,71.2561453817709,82.18219326466205,1,1,4,7.169314458594567,2,0,7,4,0
STU0625,21,Female,5.890030296916124,100.0,92.20984862420337,90.55075775734377,3,1,4,7.685739070619612,3,1,4,1,1
STU0626,18,Other,7.126162299905383,83.6378990784596,99.01485901033105,74.88085815170497,3,4,1,7.871354867338664,3,1,4,1,1
STU0627,19,Female,6.570422805864354,86.55596910414118,78.7221321694006,68.48755002694216,2,3,2,7.328660725911619,3,0,6,2,0
STU0628,19,Female,7.677970997994699,58.701770265461505,66.35107915464772,81.08542042409334,1,1,1,8.19686150044764,2,4,7,1,1
STU0629,21,Female,7.752538418979592,68.12757572305078,100.0,82.4244321027802,3,3,1,7.622884855506175,4,2,2,2,1
STU0630,19,Male,7.620849646324607,92.85460425502477,65.5866827800572,67.68405985599232,2,1,1,9.113057368038763,4,3,0,3,1
STU0631,22,Female,7.538600790928443,81.44269341951126,63.43296128460394,75.96368774613056,3,4,1,7.6267930514255164,4,3,0,2,1
STU0632,19,Other,8.877768204931886,55.03464318205289,45.3758543313191,86.16632714894364,1,4,3,9.357562623859705,3,4,3,1,1
STU0633,20,Male,6.232406230955114,90.45947914780582,92.94137353867116,94.68550791929343,1,4,1,8.081294608285187,1,0,6,2,1
STU0634,20,Other,7.245065133797082,71.47460634776732,86.52368388556941,80.9112595108235,3,2,1,4.833099849078085,4,1,4,3,1
STU0635,18,Female,8.432689820519588,94.93580383052054,100.0,72.52966675998712,2,2,1,10.0,1,1,6,4,1
STU0636,22,Female,8.564539809338036,76.9459718567556,51.157149716728114,71.3510978875451,3,4,3,6.310787069827337,1,2,4,4,1
STU0637,18,Male,5.878236350655427,80.45648023224636,93.87256211218664,78.68875868632347,3,3,3,8.794652818242081,2,2,2,3,1
STU0638,19,Female,6.98764455834413,92.14745494309977,73.05203277549191,70.6119258902466,2,3,4,7.032152131743326,1,3,7,1,0
STU0639,23,Male,8.65812109586726,67.23008434974405,84.09150325200204,74.27568598826866,1,1,1,8.273308309123095,3,2,7,1,1
STU0640,24,Male,7.808079105199065,66.08583830599272,47.28334288343294,59.305484825629506,1,3,1,6.173825306961048,2,1,9,2,1
STU0641,22,Other,7.495263031479773,75.64201895522271,94.02122733997946,87.5646863578939,4,3,2,7.750893451707506,1,2,8,1,1
STU0642,24,Male,7.082315306565343,87.92607359545467,83.79775126997745,58.317783274215856,1,2,3,6.696171345526714,1,4,3,3,0
STU0643,23,Female,6.916199074292255,62.02947296863811,71.41634947820674,66.81465887456385,3,4,1,8.894803733907866,1,2,7,2,1
STU0644,20,Female,7.588219063090324,57.98358480133084,81.67669031491683,73.17111913022177,4,1,1,7.526401800900411,3,2,3,4,0
STU0645,23,Male,7.047625875015516,87.8846511245255,60.51757048436626,95.89184255866367,4,3,2,8.12313116956188,4,0,8,2,0
STU0646,19,Male,7.257421378955556,70.76426024919596,63.30839871627451,66.92780418177207,2,4,1,4.403107754232316,2,0,6,2,1
STU0647,20,Female,7.378598706115037,73.29328784495661,65.04833079561905,64.00781023247524,1,3,2,6.89731278425365,1,1,8,3,0
STU0648,21,Female,6.621928471506501,55.71827517671801,44.20908207464583,65.39019699199447,4,1,4,7.492661962069955,3,0,2,1,1
STU0649,24,Other,7.832129373881438,69.85224822777622,84.9263774130505,91.90676601133575,3,3,3,7.2683378877276485,4,2,0,4,0
STU0650,23,Other,10.0,77.9091924404262,89.8739042127385,38.25183607792775,2,3,2,8.15338865646142,1,4,1,3,1
STU0651,20,Male,5.523013360673925,89.16453429147471,61.47983775354238,59.96714385421696,3,3,2,6.560914905835054,4,2,5,3,1
STU0652,22,Male,7.62401252418998,68.74523800518433,77.22304523917228,100.0,1,2,4,7.0585445260415565,1,3,9,2,0
STU0653,18,Male,6.539809911381094,97.88851344278996,68.01689288056146,79.09058488189964,3,3,3,8.41747211729799,2,4,6,4,0
STU0654,23,Female,7.87740257751925,69.78532770984239,76.92410943121546,58.72818060792936,3,2,3,4.2655731958655725,3,3,8,4,0
STU0655,21,Male,7.346557473327861,69.80289838097791,62.58634138183456,71.49698421390273,2,3,4,7.707220601966009,1,3,4,1,1
STU0656,21,Male,8.061854774042462,96.44829062277363,58.74862265868546,72.80945479281434,2,3,1,6.599338208807736,2,3,9,3,1
STU0657,23,Other,8.47550657650878,80.537521828367,87.78112329035613,82.15350295086728,2,3,1,5.905218250535654,1,1,9,4,1
STU0658,22,Other,7.492421117768181,71.37570325186108,71.04194122313261,94.07402403387076,1,4,2,7.403853069131176,1,2,2,2,1
STU0659,17,Other,8.432052288414178,76.13840242583288,100.0,76.66262017535058,1,4,2,8.472941556170387,4,1,8,3,0
STU0660,19,Male,4.955702106211323,94.23688293050472,72.6946494719121,65.52254036384447,4,4,1,8.246972597781017,1,3,0,4,1
STU0661,18,Female,8.890452297916022,95.59443383550818,58.108829394742614,81.44501330517845,2,4,1,6.837864362912046,1,2,5,2,1
STU0662,22,Female,7.67506215189234,68.19848184875693,90.40411314653909,63.62096763764566,1,4,4,8.050889156513138,1,4,4,3,1
STU0663,17,Male,8.377843355745181,77.4907942790507,81.4620024621903,59.599950048131646,1,1,3,8.041681478135013,1,0,3,3,0
STU0664,18,Female,6.080124255158478,79.08188193201087,82.90309295544635,50.881093536522656,2,2,3,6.8951544754082,3,0,9,1,0
STU0665,21,Female,6.469230118394664,66.16511867380083,89.85901018301878,53.21845926599519,4,3,1,6.168303337614151,4,3,6,1,1
STU0666,22,Female,7.445938294144774,77.33177936820007,62.20805559231308,61.242658126508736,2,2,2,6.237719162653204,1,3,1,3,1
STU0667,21,Other,7.282962110662536,78.0638743254204,70.09120036522069,57.866522787589545,4,3,3,8.005424018641765,3,3,1,1,1
STU0668,23,Other,7.583068588009989,91.68251374724083,69.4282525276831,75.75883832849661,2,1,3,6.949423823544771,2,1,1,4,1
STU0669,24,Female,8.384515160929967,92.4891003397344,52.63880194626573,57.607178090111574,4,1,3,5.744581336323294,1,0,3,3,0
STU0670,18,Other,5.534779684697151,74.0494872196919,68.04614774762635,34.276004375703074,4,3,3,4.97816459738905,3,1,0,3,1
STU0671,24,Other,8.273819071717309,75.43256227367026,92.04569186815236,59.473058704926416,1,4,2,7.998197742515655,1,2,2,2,1
STU0672,21,Female,7.308281909957927,85.97150762466762,75.5600715569077,66.33768422734296,1,2,4,6.343865893282931,3,2,7,2,0
STU0673,22,Male,7.096218138875452,70.97773861287587,51.80908008232518,64.73460614553642,4,2,2,7.396465306787178,3,4,8,2,1
STU0674,17,Other,5.8288847656151095,85.06368182084883,48.66240882502598,90.23429615171021,4,3,1,8.487648288482948,3,4,7,3,0
STU0675,21,Other,7.8030486683768645,76.94512215156942,96.97164088122408,64.6374892885302,1,2,4,5.429290627775818,1,3,4,2,1
STU0676,22,Other,4.885892148968963,66.36721706713655,70.64521484617305,82.57108155839038,3,1,1,6.945835143384586,2,0,6,2,0
STU0677,21,Male,7.948394011238713,66.51795944544423,62.28884691447574,71.77220880382966,4,3,2,6.795167024537356,3,0,9,1,1
STU0678,17,Female,5.807894164527008,95.36470435237322,67.89012352654495,71.49234329192882,4,4,1,7.4556914507535526,4,2,0,3,1
STU0679,21,Other,7.353457912617474,76.12294225028042,49.84038368524002,61.975436533823554,2,3,1,8.486991998104521,1,3,9,3,0
STU0680,24,Female,7.18083116267208,97.68424912677973,93.3464272426743,71.2946081810308,4,4,2,5.4046578224051105,2,3,7,3,0
STU0681,22,Other,8.469538147293884,71.83636487142108,66.10420593620955,62.818846477231,3,3,1,7.683757538446921,4,1,3,2,1
STU0682,18,Male,7.12134483098611,81.49446241357792,92.51102291607633,74.04029177105484,4,4,2,8.237828529992441,2,0,4,1,1
STU0683,24,Male,6.605861438854334,100.0,72.77477571670973,69.16500440851574,1,1,4,6.776347523251861,2,1,4,2,1
STU0684,24,Other,6.7933973040287965,65.31135906404064,93.44297961852659,60.664464801700795,3,1,1,6.835063608528252,4,3,1,2,1
STU0685,18,Female,8.572882768754663,55.22622600120268,75.85041748564628,83.90273207640715,1,1,4,7.502139242781906,4,4,2,1,1
STU0686,23,Female,7.836296969180894,93.4390815754468,84.79848994303615,77.12208576025711,2,4,2,7.413780493467746,3,4,2,4,1
STU0687,20,Female,6.914370018476839,68.07829073528312,82.78639569132505,66.62324719029303,1,3,3,7.698823128840547,3,2,0,2,1
STU0688,21,Female,7.063553580035486,77.75152363072519,81.34936599377956,73.74591656442372,2,1,2,7.67353663168146,3,0,5,2,0
STU0689,20,Other,5.732822909414553,70.96898147458099,77.21901715774067,70.99412974197644,4,4,2,5.821633233261219,2,4,4,3,1
STU0690,23,Male,7.688474200851541,81.21795337146379,68.50723925826622,61.588908752840716,3,2,1,8.188319797245931,4,0,3,4,0
STU0691,24,Other,5.540184292304534,66.5935655137711,100.0,72.84595474825396,2,3,3,8.400139794628286,1,1,1,2,1
STU0692,23,Other,8.051796465835455,75.84071894540033,58.39594522356149,64.5478589423115,2,1,4,7.223299472428358,1,4,9,3,0
STU0693,24,Female,7.4286215924912655,83.39778391867841,72.0646146351474,60.66079397255881,2,1,3,5.2070136321403995,3,2,6,1,1
STU0694,24,Female,9.686951799573922,65.90029336470886,72.22328812811394,52.5267920368017,3,2,3,6.862305152799891,4,0,4,3,0
STU0695,17,Male,6.1998644462756936,69.59899164424934,78.03661130015283,67.69671175753643,2,1,3,7.233287052328682,4,2,7,1,1
STU0696,19,Other,7.1973379089593665,73.83140599681762,65.55791031158249,78.80364791500467,1,3,2,5.62647971465582,3,0,3,1,1
STU0697,22,Female,9.098287700923063,60.85421478928466,76.72119458384381,63.664087759453686,3,1,1,6.567834323707584,2,1,2,3,0
STU0698,21,Male,8.491389640291414,72.92926820641505,69.46736122195551,100.0,4,1,3,5.30875673492975,2,4,6,1,1
STU0699,17,Female,6.6037879484201,79.42555847883482,48.270712238431514,82.62822784383279,2,3,4,7.728750669983732,2,1,7,1,1
STU0700,17,Other,7.523967428373448,73.20541270093887,72.1432842938527,87.65196159192574,1,2,2,7.199146377882461,2,4,6,1,1
STU0701,21,Male,7.301999356415087,74.7434820848193,55.49152000454772,81.5429161448851,1,3,4,5.025060202222907,2,2,5,4,1
STU0702,21,Male,7.581955867394157,77.76117994912097,45.984213563266486,94.23437969926287,4,3,4,7.4217578338983765,1,3,0,3,1
STU0703,18,Other,6.60131956401517,70.13107845081223,74.05309981034077,62.555976198329496,4,4,1,6.932189263131651,2,3,6,2,1
STU0704,18,Male,7.210679597299265,86.29275079040252,79.31825013029349,41.27115137209654,1,4,3,7.619697139305286,4,2,6,4,0
STU0705,18,Other,5.701947624723286,95.23173749762131,79.90047063156865,66.6464926997654,1,1,3,6.530161079493487,3,0,4,2,1
STU0706,21,Other,7.4351234518680815,72.42743529365461,80.50756060529541,78.69862290657045,1,3,2,6.038224719108371,1,4,2,4,0
STU0707,17,Other,7.750020673421832,83.82237877773248,43.01116468589085,73.81820366097574,2,3,3,6.074986448250632,2,2,9,2,1
STU0708,21,Other,7.072580587356116,75.12459413478423,51.58474608138796,75.30567133161341,4,3,4,6.354195740141915,2,3,3,1,0
STU0709,20,Male,5.6849491094152125,82.38584814046206,100.0,87.85092003203847,1,4,3,7.022590115897256,2,2,2,1,1
STU0710,20,Male,8.288531862851462,96.78935437443906,56.29186859884446,76.58469089354999,4,1,4,7.17755015850975,3,3,7,2,1
STU0711,22,Female,7.664525037992802,84.10391451621719,81.16261546705033,81.58695513109225,1,2,4,6.771136146630276,4,1,4,1,0
STU0712,21,Female,6.573984902299023,56.71902553428383,61.69593567501231,60.725247097766896,3,4,4,6.492016541204177,3,4,5,1,1
STU0713,22,Other,7.019399553161936,83.44794757736351,73.19509108901347,58.85527572940756,2,4,4,6.578316078393422,2,1,6,2,0
STU0714,23,Other,5.799330597218161,92.79436491970812,62.50118696589609,91.36936707629386,4,1,1,10.0,1,3,3,4,1
STU0715,24,Female,6.274589872222095,75.34084596002276,80.42311731929468,73.21081842176481,2,2,1,6.07512981820215,1,2,1,1,1
STU0716,23,Other,6.762188653642861,89.94761767341399,74.05161175975049,64.52124979864638,2,2,1,6.330433589744569,4,2,1,1,1
STU0717,21,Female,8.528420812280151,69.71861350617665,65.27565339533649,64.54326607743458,1,1,1,10.0,3,0,9,4,1
STU0718,20,Female,6.660496609112524,60.173530085732715,56.24741820478934,64.2105225403409,4,1,3,7.505215962952663,3,1,5,1,1
STU0719,18,Female,7.940213659328759,79.69402822599169,76.01661296238767,63.4924917474499,2,3,3,5.344023200915565,3,0,4,4,0
STU0720,21,Female,6.76168379713842,56.92227935104423,53.80921801436115,56.60222636875608,2,3,2,8.011224644772716,4,2,3,3,1
STU0721,18,Male,7.547947560851875,75.1227478452769,78.41221563181257,53.9949551733539,3,3,1,5.907953332958623,4,3,7,4,1
STU0722,24,Other,7.158604497856198,93.44210715174603,100.0,69.65994746814697,3,2,3,8.090873809366116,1,2,9,3,0
STU0723,23,Female,8.173056600092742,55.08284513104463,92.25255076893018,64.8848895561552,3,4,2,6.746845264755183,2,3,7,3,1
STU0724,17,Other,6.765188661781442,62.64603844903323,82.77521830341244,85.28591142531954,2,3,4,6.472244980612711,1,1,5,1,0
STU0725,23,Female,5.727471749997559,65.61561305806107,70.71589053388279,75.516919839203,1,4,1,8.9309979625931,2,1,4,3,1
STU0726,17,Other,5.918050968636367,77.24016168346849,42.918710594947115,75.1838121609358,1,2,2,7.679681623191094,3,2,8,3,1
STU0727,22,Other,6.768122506057242,73.61139857224549,52.16570406149724,63.08255510934659,1,1,1,8.16758732493905,1,1,8,4,1
STU0728,17,Female,6.050940029321947,94.78963658035305,91.2418928415407,70.54765901064029,3,2,2,7.521903615423936,1,4,3,1,0
STU0729,20,Female,7.710212015679551,89.45217994910037,60.153658798128305,76.33201324357728,3,3,4,6.466666571448282,2,4,9,1,0
STU0730,22,Male,6.834231835141922,83.94327535282318,61.5112185275393,80.5943488765521,3,2,2,7.733625304309849,3,2,8,1,0
STU0731,22,Other,9.674606550026432,79.74756377212661,69.51524286473968,70.87329808177961,4,4,2,8.451058471221353,3,3,8,4,1
STU0732,20,Other,5.562285404862868,82.71875732381793,56.06930611730168,84.9494853518905,1,1,2,7.161685652221064,1,0,0,1,1
STU0733,24,Other,7.503633178709801,67.6562117362395,53.59846898172546,72.09587170689531,4,3,2,9.161971125215807,1,0,1,4,0
STU0734,23,Other,6.172046976494331,88.28652424267935,71.24288890827867,81.51416542221216,4,2,3,8.020584643842291,4,1,2,2,0
STU0735,18,Other,6.806598659617321,64.65546894768958,58.62705817991946,66.1217734969302,3,1,4,7.2543790597259346,3,1,7,2,1
STU0736,22,Other,7.441419473340544,88.02452392682677,60.88472130331658,50.2489396011763,3,3,3,7.3017838372213815,4,1,0,4,0
STU0737,22,Female,4.974628625125713,92.23371002542598,60.28213460779491,75.22030785622228,1,4,3,7.164684554761149,4,2,0,3,1
STU0738,19,Male,7.536826116788028,80.53037522505704,79.83540320751703,80.7038887577595,1,3,2,5.49851345728601,4,3,0,3,0
STU0739,22,Male,9.202907462274167,75.88544329245629,68.51811464256964,78.90416798169083,1,1,1,6.891913365029674,3,2,1,4,1
STU0740,24,Male,6.846561701631407,82.80371889971607,69.3214204815922,77.06623993724928,3,1,3,7.265423782409401,4,2,9,4,0
STU0741,23,Female,7.559807856805509,43.66177955879192,80.95418845963324,67.81695640854015,2,2,4,6.5006978544801655,2,0,7,3,1
STU0742,23,Other,8.324921693125399,81.62709862182554,69.8694058765059,62.31904498265289,1,3,3,7.405212422445634,4,1,7,2,0
STU0743,22,Female,7.136046499973003,76.63975202592232,67.82619347314241,78.62073922852537,1,2,1,7.025568988426134,2,4,2,4,1
STU0744,19,Male,6.719039811468517,77.39246264331611,79.05675533355256,77.1173689943793,1,2,3,7.928430269318522,2,4,6,3,0
STU0745,23,Male,5.024263596278248,86.47839015477393,82.02296765336446,65.26921090987409,3,4,4,7.795734857278878,3,0,7,4,0
STU0746,19,Other,7.940990719394973,77.10277294122326,69.79389750737094,85.31309027030468,3,1,1,7.200583945101809,2,0,5,4,0
STU0747,21,Other,7.186831590271103,64.3175177201861,73.20911663430782,61.405613825428794,3,1,1,5.359344530437602,1,4,8,3,1
STU0748,19,Female,6.287316148611838,76.30316795009546,60.27314655400008,64.99771945450752,1,1,3,9.148867286417405,4,0,5,2,0
STU0749,19,Other,7.4265967102776935,78.81066580896989,59.08975435253212,91.63710254809997,1,4,2,6.8297308017146285,2,2,3,4,1
STU0750,18,Other,6.716319643193819,79.37920693897215,83.53721252950211,82.42298325280696,1,2,3,6.902936255565842,4,4,6,4,0
STU0751,24,Other,6.771573868884474,79.94303240742082,78.67413093816933,67.70388832930773,4,1,3,6.588974981560734,2,3,9,1,0
STU0752,18,Other,7.906291156108708,90.47242853902264,78.82947657624864,75.4485685157226,3,2,2,6.413906012721356,4,2,8,3,0
STU0753,17,Female,5.961617588676155,64.96758536359023,76.21281523088284,73.85750693428606,2,4,1,8.852869657600628,3,1,4,3,1
STU0754,24,Female,8.347315286073759,80.1084054739782,72.6930491372243,39.052633620271465,1,3,3,8.663253184463295,4,3,5,3,0
STU0755,21,Female,5.902313836881596,93.4791563834189,82.44617836234154,61.12231260631942,2,1,2,7.533272084293205,4,3,9,4,1
STU0756,20,Male,6.637298591644736,57.18466203675366,86.02663141534175,71.38984059468862,4,1,4,6.870999814683129,1,4,7,2,1
STU0757,22,Female,9.222946194066576,80.15576016936065,85.66842007785971,67.72066228128833,1,1,2,7.7429415820165035,4,2,5,4,1
STU0758,20,Female,8.427354761642421,70.97545797632348,70.4883312608102,74.96523077796505,4,4,1,7.088556378123247,4,4,2,3,1
STU0759,18,Female,7.39760399249544,73.55147538632274,92.80489094863258,85.55378775537504,2,1,4,6.771732498012281,3,3,9,1,1
STU0760,22,Female,6.359469784498783,67.14230996142693,75.42691022598481,68.14157058415287,1,2,3,7.405727105807596,4,0,9,3,1
STU0761,18,Female,6.770727693300106,75.96539141159467,81.48564288848698,59.30814244652562,4,2,3,6.470610703665466,4,1,0,1,0
STU0762,21,Female,7.373275314585697,100.0,76.2313183625232,75.89821990213254,3,3,4,7.302717116804119,3,3,0,4,0
STU0763,24,Male,7.337523232339598,62.82683566587343,75.70510061226261,68.08051999718636,3,3,4,7.245065110745963,2,0,1,4,1
STU0764,24,Female,7.209129070374037,63.96467997025407,60.96372014624521,70.12723799013717,1,4,4,7.723523225509509,4,3,3,4,1
STU0765,19,Female,7.2691674859158155,62.37678515803795,82.5202625751724,68.49871537016305,2,2,4,6.25703565102927,1,1,1,3,1
STU0766,23,Other,7.085624890294886,98.72901943953721,100.0,98.90205360013184,3,2,2,7.852163623451849,3,1,8,2,1
STU0767,21,Female,5.858021264359987,72.45192353374456,66.37807387814875,45.111548868024656,3,2,1,5.912426208459394,4,2,9,2,1
STU0768,20,Female,6.783489257839167,77.69233127582791,73.06492073137423,67.33999316240825,1,1,3,6.3129200180545135,4,4,1,4,0
STU0769,18,Male,8.214624053986846,73.16660470672512,65.30692103479106,71.9557316922193,3,3,4,6.365289929025107,2,4,8,1,1
STU0770,20,Male,5.931665702448882,66.6669254591629,64.67970147657098,62.62629009260665,4,3,4,5.713537873151586,1,2,1,4,1
STU0771,22,Female,7.110444488460721,75.17819224062677,95.1667421717801,82.79790998553939,4,2,3,8.218794740062796,2,0,7,2,0
STU0772,24,Female,6.480246071229156,100.0,61.90543473408803,81.75909214463567,1,4,3,5.8371370285722435,4,4,3,3,1
STU0773,17,Female,7.411350429398111,94.70485105169107,64.88879289950458,71.42694457813751,4,1,3,6.161300395111994,3,4,0,3,0
STU0774,22,Female,6.911366818933182,67.76474618649273,48.18760764403048,68.75191493587567,3,4,1,8.50648925258397,1,3,4,1,1
STU0775,23,Other,8.777393664974669,85.77088923674023,60.635824131866286,70.65651798922023,1,3,1,6.31530075777562,1,3,8,1,1
STU0776,24,Male,7.806583154190253,68.02172672800349,46.37400160569979,70.74256015622628,1,1,1,6.774228777834284,2,2,9,1,1
STU0777,20,Male,5.988196834222789,56.68358833384535,81.47707048817894,71.05952366249085,4,3,4,5.785565198900157,2,0,1,4,0
STU0778,17,Male,7.971228011613698,90.23413101197555,100.0,69.74401078179841,1,4,4,7.999541449147221,1,0,8,1,1
STU0779,19,Male,6.525348143737936,91.9211141597226,66.49981809524216,75.0293917751087,1,2,2,8.016083493029278,2,0,2,3,0
STU0780,23,Other,6.723003628622466,90.55262701257479,46.998631005146436,81.03854477793438,2,2,2,7.886735084948136,2,4,4,1,1
STU0781,24,Male,7.613819020107122,72.36161700936513,85.499994966446,57.236878228817076,3,4,2,7.645035793832732,1,0,1,4,1
STU0782,22,Female,6.8082525802698655,75.99869119197616,61.096125616047644,59.39203320920221,3,1,1,7.088306933223372,1,2,9,4,1
STU0783,17,Male,8.192855816322956,86.99718664389748,91.49020395830311,51.017783646197714,3,1,2,6.3707479996744185,3,1,7,2,0
STU0784,17,Other,6.525489938486604,82.69795244817729,67.76956428315083,82.3967688042912,4,3,2,6.022036832000775,4,0,6,1,0
STU0785,20,Other,6.681053447408637,73.27635034443547,62.52276466375829,75.00387951828556,4,4,3,8.547886632114004,4,4,7,2,1
STU0786,21,Male,6.643629106451891,58.57113815858202,69.3306366638147,78.06321019119325,1,3,4,7.917765126071908,3,0,8,3,0
STU0787,17,Male,6.734361251644961,79.36650232970415,83.3666514140428,54.84602113963838,1,1,1,6.168034927359491,1,4,1,3,0
STU0788,22,Male,8.399191555547812,90.94811567083336,68.58869053866515,93.41937747456166,1,3,2,7.0477981218677614,4,3,2,3,1
STU0789,21,Female,7.9287962936103025,63.62894053159012,64.54912945809441,64.6937891022557,2,2,4,6.639861888417984,4,3,0,3,1
STU0790,17,Other,9.009943954012071,85.66511258011172,69.01752595531693,74.01846968533508,2,4,4,5.6461471531531,2,0,4,3,0
STU0791,17,Female,9.567644203899254,81.97850034160432,52.92217223248673,82.25261592814046,4,3,4,7.213181651945563,2,4,4,1,0
STU0792,20,Other,6.26928296806766,87.001779158788,77.9554740344097,60.156242930447135,2,2,3,6.501408802912965,1,2,0,1,1
STU0793,22,Female,7.370419127327288,88.46370599662808,45.199101092326345,65.444107697848,1,3,1,5.8569560004451775,4,2,6,4,0
STU0794,23,Male,6.123799683356567,69.66641709689577,65.33817818451728,74.15006129521049,4,3,4,5.225040935029885,4,3,0,3,1
STU0795,20,Female,6.522394072251733,58.59648719802065,83.39077813246115,100.0,2,3,3,5.123435799753195,1,1,7,4,0
STU0796,19,Male,6.66991748974433,71.59776569180545,76.54572424399075,75.61349691422429,4,2,4,6.554288646766433,3,1,7,3,0
STU0797,24,Other,6.2428451258617255,88.66952781032408,80.85480859479586,91.27633380756862,4,3,4,6.897886035490101,2,1,8,2,1
STU0798,20,Male,6.248112727101586,71.49595315768835,71.02431490921786,86.46807774230346,4,1,2,5.949639027805221,3,2,1,3,1
STU0799,19,Female,7.155715621479745,69.6714801137083,89.54619271478275,76.41612043793423,4,2,1,7.780887313188673,1,3,8,3,0
STU0800,20,Female,6.083281581613592,56.14379589690434,85.87048795154688,60.129650740431856,1,2,3,6.921344149860445,4,1,5,1,1
STU0801,17,Male,8.142126959137633,99.03177065461126,78.69211506371512,84.71704332981882,3,3,2,7.69226237271838,2,1,8,2,0
STU0802,19,Female,6.3822464625824855,87.90856369710372,85.91318665970314,54.02267590022343,2,4,1,6.780507051774751,4,4,6,3,1
STU0803,21,Female,10.0,87.23875177529717,83.25635331605365,91.2105014841251,3,4,2,6.055458837751473,1,2,6,1,1
STU0804,24,Male,6.848615549035605,89.61270464135369,65.40804729979665,74.40006369861906,3,2,4,7.136941085366336,3,4,0,1,1
STU0805,22,Male,7.372017641917052,84.92050033852082,51.84151632462999,40.19731743242188,3,3,2,5.484790585578013,2,1,6,1,1
STU0806,23,Male,6.004658815533965,75.06805373784564,78.30543188763936,67.91392685961793,2,1,2,7.647326224763978,4,1,4,3,1
STU0807,21,Male,9.006091758127639,76.03483075053359,80.19133846247144,79.84737385107529,4,2,3,5.875420952184239,3,1,8,1,0
STU0808,17,Female,8.419500680802916,72.8692276248945,88.35707986707848,69.1557135235228,3,3,3,8.101879031840138,3,2,6,2,0
STU0809,20,Male,7.596915870736113,100.0,57.9551808743206,80.58006973192288,4,3,2,6.593853104509702,1,3,0,1,1
STU0810,24,Other,5.953197451220435,84.67094437559331,58.40353411084255,61.79970998745245,1,4,4,8.2750402195719,3,2,8,2,1
STU0811,17,Male,7.51066687772462,72.43439470378279,78.89850399461656,56.32821152654871,4,2,3,5.652852173694022,1,1,0,1,1
STU0812,24,Female,6.178568953982745,83.58596128999535,70.9324951672037,71.14265516342874,2,4,1,6.186676359125416,2,4,2,4,1
STU0813,22,Other,8.76235526347336,65.86957298572419,43.71357584143308,72.37878800747897,2,4,2,7.457121936218285,1,2,2,2,1
STU0814,19,Female,8.109194731853172,96.05408062307072,77.62662245631286,67.81938778725214,4,3,4,8.404596512112105,1,1,9,1,1
STU0815,23,Other,7.395439038487736,70.06717085031431,44.21365627516568,86.7274937597063,2,1,1,8.999930689977907,3,0,1,3,1
STU0816,23,Male,4.863624336752677,84.0130251914696,57.821151721899355,61.79751149833131,2,2,1,7.049639396417048,1,2,8,4,1
STU0817,17,Male,6.316584021340969,90.79173155691761,92.2752205929016,75.75798728798819,4,4,3,9.205294756944106,3,3,2,4,0
STU0818,17,Male,7.987761131599872,82.61722253045991,99.37318526710672,72.8156396539635,4,3,2,6.652402540209484,4,4,6,4,0
STU0819,22,Male,8.512883691723156,79.13363990183566,53.76515447292057,53.319408574367,2,4,2,8.318521146835566,1,1,0,2,1
STU0820,24,Male,8.40916981149213,78.12962501827218,67.05912693880958,56.17163779597785,2,4,2,5.869382803648834,3,0,3,2,0
STU0821,17,Male,5.707986997758544,77.32270683735472,72.6393378461806,72.14293219498357,1,1,1,7.504240608235905,2,4,6,2,1
STU0822,22,Other,7.601552306812904,71.07961813286997,98.71840391372352,95.77439998424356,1,4,2,4.189968350972265,2,2,7,2,1
STU0823,18,Male,8.315515216482929,72.60619884276355,64.60696578263398,78.95123774278574,3,2,1,5.654090786016251,3,0,8,4,1
STU0824,22,Other,5.641664434417755,95.75508448381122,64.84673965450082,51.29238209826441,2,4,3,7.560012157696918,3,0,8,1,0
STU0825,21,Other,7.292095484626763,76.69756040777813,95.23088337694293,34.67414321856795,4,3,3,5.425073377359372,3,2,5,4,1
STU0826,17,Other,7.573842398308456,68.57044476740673,66.37816270922613,80.79664311605256,1,2,4,7.5123395329470215,1,3,3,4,1
STU0827,22,Male,6.999235415153265,71.8044288376619,82.83302563449686,70.84543820486161,3,1,1,8.087749744974836,3,1,2,4,1
STU0828,24,Other,5.447838144598798,91.20444816836668,49.84285552331359,85.69519163412443,3,1,2,6.398415768738066,2,1,9,3,0
STU0829,23,Female,6.974301889926271,86.10727959797374,69.4315088386151,61.431384951462704,3,3,2,5.837256453190962,2,3,6,4,1
STU0830,17,Other,6.972694569744975,84.72395013878709,47.10604742510393,76.20254997430231,1,3,3,6.430976060974313,4,4,9,1,0
STU0831,18,Female,7.151927595452245,74.9097456130825,56.16849328566443,82.15408155633435,2,3,3,5.841025216978977,1,2,4,4,0
STU0832,18,Other,6.736528574574931,84.88034964207534,84.58802032728394,66.63043634152221,3,1,4,6.8785437303808985,2,2,4,3,0
STU0833,20,Female,6.856987846758533,70.27726650059222,71.25141913369932,66.88697315722722,2,3,4,7.122508749865698,2,1,8,4,1
STU0834,18,Male,7.260293717653022,74.88463162385071,67.21341389170539,72.30315397318068,4,1,4,6.63278785228383,1,0,7,1,1
STU0835,23,Female,7.742454604969711,89.63765384870095,60.76875564028624,78.51211615872394,3,1,1,9.009231088224187,4,0,2,4,0
STU0836,23,Male,6.995573237143333,88.49133214702877,68.69015890138076,71.82799194585706,2,2,1,6.13671541637563,2,4,5,3,1
STU0837,23,Other,6.890351071631998,66.21708184859037,76.51669750651041,83.68795605311384,1,3,4,8.669719815106374,3,0,2,1,1
STU0838,18,Male,7.3923540382544575,67.7336825650971,86.74374309692642,66.45677772879564,1,3,4,5.750512916425464,2,4,7,3,1
STU0839,17,Male,5.379084074104818,79.30442583376092,32.62279973854797,56.059257534442686,2,4,2,7.087333083929859,4,1,0,1,1
STU0840,24,Female,7.7770351272264575,98.71358849603412,59.52358238605785,95.72370441735816,2,4,1,8.419726490257684,3,3,8,1,1
STU0841,19,Female,7.299436902877041,55.01321802637207,74.38644363283508,64.74439516149064,4,2,3,8.357628582703981,2,4,9,3,1
STU0842,22,Male,7.339693526597562,81.33999527484605,70.51705326056572,65.17869499538703,4,4,3,6.495690522759718,4,3,0,4,1
STU0843,24,Other,8.260734307594463,61.487480021122224,78.05064363790088,71.21036014713378,1,1,4,7.666083664085614,4,3,6,1,1
STU0844,17,Other,5.347184469951752,70.38802807769345,76.0131042918983,72.80617331584777,3,4,3,7.505414900397072,3,1,0,2,0
STU0845,17,Other,5.326166130141036,73.6268589832291,67.42698205509889,67.35979629014061,2,2,4,6.352072985688713,1,2,3,2,1
STU0846,17,Female,7.5738038453235195,72.95389987875731,64.09720206019234,71.79079323661189,1,4,4,7.739139924577689,3,3,3,3,1
STU0847,18,Female,7.292883144871484,71.5944487240895,68.31747765396749,71.52285322286191,3,4,1,9.234990606462848,3,2,5,1,1
STU0848,17,Female,7.470176943191932,78.08648472451644,89.23113524734114,74.09783192424969,3,3,1,7.566040798075157,2,0,9,3,0
STU0849,23,Female,6.837872924827554,71.57693320043306,61.01988100641428,43.71015049215221,1,4,4,7.679627654884805,1,4,4,2,1
STU0850,21,Male,7.964353674239931,60.45051138175017,71.05789915284066,94.57051568409419,2,1,1,7.806585973840849,3,0,3,4,1
STU0851,24,Male,8.23263884299112,87.35843535027331,74.75013320997631,70.23254023758531,3,1,1,5.246828071173832,4,4,0,2,1
STU0852,23,Male,7.783982293951527,87.03446600578657,95.40526394811687,78.96747143336383,2,3,4,7.552269607847546,2,4,8,2,1
STU0853,24,Female,7.039171541595417,88.11809172027202,67.4953761264553,55.462783901591706,2,3,1,5.779888510193767,2,0,3,1,0
STU0854,18,Male,5.192310612385597,59.51118604483102,86.38209984016441,66.347996865009,1,1,1,6.29213567116264,1,3,4,4,1
STU0855,19,Male,8.069236208037127,81.5870178310098,90.47969104897533,63.93220960415503,1,3,1,9.594330137426203,3,3,0,4,1
STU0856,23,Other,8.521728666217593,86.11174626968308,71.04368602514027,89.63668517410254,4,1,2,6.696086068409428,4,1,2,2,0
STU0857,18,Female,7.94455841198398,65.62557517872497,68.83921531384857,64.97023671796941,3,4,3,6.111791074846927,4,4,5,2,1
STU0858,17,Female,6.4203575726324935,78.11007897818556,67.06419491927676,81.0969598432811,1,1,3,8.38309909468167,2,0,9,4,0
STU0859,22,Female,7.973794393667758,76.60480025627561,68.16265298636127,64.19495456792166,2,2,4,5.862787596589148,1,1,3,2,0
STU0860,23,Other,8.160529707961445,100.0,84.8135979086525,66.56857272415267,1,4,3,6.463097026972387,2,4,5,1,1
STU0861,24,Other,8.858816247799085,100.0,75.46514965883271,69.05339801759177,2,3,4,8.4988626015834,4,3,8,1,1
STU0862,24,Male,6.423890075772042,58.02772328003759,75.52934563754805,87.40614152195161,1,3,1,7.0513210783695515,1,0,3,3,1
STU0863,17,Other,7.073545415455861,100.0,55.121647344302474,49.321768091638575,3,3,2,5.126083545848164,1,0,2,1,1
STU0864,23,Female,8.047272051143455,67.0172913461601,57.48764883937148,56.21203733670681,3,4,2,7.652787537187143,4,1,0,1,1
STU0865,23,Other,7.357410071438157,89.7680795319291,100.0,48.6323380117222,3,2,1,6.524240941544189,3,0,9,1,0
STU0866,22,Female,6.182672397948725,89.64597577036477,69.33261412066966,58.94997456286259,2,4,4,8.847821783836293,1,0,1,4,0
STU0867,23,Male,7.714616285026703,66.05171727789832,60.378420066324594,62.26079938569471,2,3,1,6.2725756628390394,1,2,2,4,1
STU0868,23,Other,7.878661633815167,83.91921352606919,93.46648748383946,52.62622495091533,1,4,2,8.261471168471111,2,0,1,4,1
STU0869,20,Male,7.387962896331002,76.70959506880723,76.22712823025329,63.190227040623974,1,3,2,9.130837638838857,3,1,7,2,1
STU0870,17,Other,7.5195849271799435,84.65196005558869,80.67232375296783,47.82342622879902,2,1,1,5.978868131426116,4,1,3,2,1
STU0871,20,Male,7.041294098314269,80.76806762856751,69.929293870777,59.784135314787825,2,3,4,6.768144375090168,4,4,7,2,1
STU0872,18,Male,8.77827893571606,92.35607382444296,67.21990364134794,86.4050447989224,3,4,1,7.46635032897334,2,4,6,3,0
STU0873,17,Female,6.399307816287323,78.90479451775275,69.45620441254064,76.84305684337323,1,1,1,5.971185096934991,2,4,0,1,0
STU0874,17,Other,6.712679237236221,75.98551116688427,51.2589274455206,74.24961206607033,2,4,2,7.3243539360493966,4,1,3,3,1
STU0875,22,Female,7.310985513527525,91.15277079668617,70.68108885870154,59.966657324650626,4,1,1,6.730095654992809,4,2,0,1,0
STU0876,21,Male,8.178954027700893,84.96475157830324,76.44049615563927,53.56698049146331,4,4,4,6.705918914087961,1,2,0,2,0
STU0877,21,Male,5.8026268299054635,86.78176073185065,99.7569485076563,58.33012709358863,4,4,1,7.058726071249734,3,4,4,2,1
STU0878,22,Other,5.989703250234561,70.02495993289683,73.28998597507824,71.48148207724782,2,1,2,7.085517658694277,3,3,2,3,1
STU0879,21,Other,5.262271492265282,65.45684662321831,36.98734436684543,82.41812135672002,1,3,2,7.196656922891249,1,4,0,4,1
STU0880,22,Male,7.33269522525327,71.18733428096758,70.59021850823068,82.82840900562384,1,1,1,6.281408385451859,4,2,4,3,1
STU0881,17,Female,6.181694182793456,70.55014337183293,100.0,79.5673483498,1,3,1,6.3337939307802955,2,4,4,2,0
STU0882,23,Male,6.915449889982083,87.43439122383498,84.9954935247756,63.14931763118467,4,4,3,6.857694893410203,3,3,9,3,0
STU0883,20,Male,7.9613781898917075,89.71180860352862,59.83666584287117,72.29459798884785,4,1,1,6.946290830517046,2,3,6,3,1
STU0884,18,Other,6.658457279217153,76.1384365256112,80.86659771645836,68.14388963955305,4,1,1,6.47338079206406,3,3,3,1,1
STU0885,23,Female,7.531282022743365,95.17102822589223,60.869798626653896,69.58572283806299,3,2,2,7.388727570503222,4,1,4,4,0
STU0886,22,Male,7.000662092248278,94.42163272518155,51.69288720679714,96.44553476351776,2,2,2,4.822285901589764,2,3,0,4,1
STU0887,17,Female,7.972114315096436,80.92078699680647,66.77445955148892,50.85599715595665,2,1,2,6.123440489309258,2,1,3,1,0
STU0888,18,Female,7.7751280673480085,68.13729874148352,73.37289658858292,69.18387820893287,4,2,4,6.664086608556574,4,3,5,1,0
STU0889,17,Male,6.60806630382539,96.90451979322648,43.917667463499065,86.54098688635388,4,2,2,5.9726617755632745,4,1,0,1,1
STU0890,19,Female,7.131348246599547,77.2677917876591,54.76261064192046,54.40930205959754,3,1,3,8.95503761777067,4,3,9,3,0
STU0891,17,Male,8.343743397720495,79.5139823571717,72.15503344773532,64.27503089680499,4,2,4,7.022634216069942,4,2,5,1,0
STU0892,22,Male,7.693376870254097,73.92473969272118,65.87740236016569,65.65153802918833,2,1,1,7.212123613871084,3,3,7,1,1
STU0893,21,Other,5.903037942248869,67.32251608443363,77.92216906719136,69.32052333535219,2,4,3,6.420123150441447,4,1,2,3,1
STU0894,24,Other,7.955618061171382,60.3763268362165,53.77997509037158,52.848514084725394,4,4,2,6.981065295552447,4,3,8,1,1
STU0895,22,Male,6.215389377563762,85.59441988268746,82.7117062282995,79.14343272405647,2,2,3,5.541695842836719,1,4,3,1,1
STU0896,21,Other,8.712513069961005,68.59918735324055,54.24361354409707,79.99544739015772,4,4,1,6.796219556685912,3,0,9,1,1
STU0897,21,Female,8.324098839841024,100.0,96.64101452906445,78.10050390021537,2,2,2,5.875589885685093,1,1,5,3,0
STU0898,17,Other,7.5898854759184005,64.96711700865025,46.26362573432525,61.555515908507026,2,4,1,6.667115698292605,3,3,6,2,1
STU0899,17,Other,7.457232843436193,62.91141030022356,55.61168594424881,73.03812948944754,1,1,4,4.0,2,4,2,2,1
STU0900,21,Female,7.09096774397258,84.1216645873613,78.26056204547744,61.206717125170954,3,2,3,5.646396149867769,2,3,9,3,1
STU0901,17,Female,7.978523951400028,96.35176174760754,96.96349877246458,68.00884007074185,2,3,1,8.7567116854172,4,2,1,1,1
STU0902,17,Female,6.929221830537938,78.77507588331866,76.72564554174257,97.84161512605053,2,1,3,7.996477298929051,3,1,0,3,0
STU0903,18,Other,7.535569870639893,84.86690904224729,80.44286880273586,73.14834453115508,3,4,4,8.582847203098277,3,4,4,2,0
STU0904,24,Male,8.171934366519451,55.87743099049548,72.26305352509587,57.74968108815392,1,2,3,8.66526552360511,4,4,8,3,0
STU0905,20,Male,6.73819345647441,69.8698614516988,56.6040231882721,74.16402408796696,1,2,2,7.807584908997373,1,4,9,3,1
STU0906,22,Male,6.6838072600093055,65.1166112503492,64.64792477640931,55.77844888724029,4,2,4,6.456557577545038,3,1,8,3,0
STU0907,20,Male,6.105634519275541,55.259449800625426,53.82135420028085,57.611875289819864,3,4,1,5.755298864481253,1,2,5,1,1
STU0908,18,Male,6.235527253873828,79.40376280828664,52.81935048334692,59.50652236861451,3,1,1,8.376093526539636,1,1,9,1,1
STU0909,19,Male,5.4716046885584975,51.0860685406748,78.0262337897962,66.6682865736518,1,4,1,7.077481569264869,1,4,4,3,1
STU0910,17,Other,8.029828789015529,62.13364840695061,55.15233026868057,83.24362794707042,3,4,4,9.992827379658287,3,4,4,1,1
STU0911,23,Male,9.10891454208277,71.55367447183899,76.79331010085042,78.94077837620208,2,4,3,6.561882428787095,3,0,1,2,1
STU0912,18,Other,8.725328943470306,68.02456996858709,52.47265871668354,78.27594393896794,3,4,3,9.367475025736576,4,1,7,3,0
STU0913,20,Male,5.673915511373483,82.75690202648481,76.44574530175132,58.81290521291349,1,4,3,6.811849851165094,2,2,3,4,0
STU0914,24,Other,8.0248546715562,81.66696230282976,64.66976146555557,65.50422773477221,3,3,2,8.603258316710441,4,2,1,3,0
STU0915,21,Male,8.722106349923557,88.72558495122549,93.09923300475967,75.26401328259826,3,2,1,9.036030084678945,2,2,3,4,1
STU0916,20,Female,6.8431900192613355,87.02860479255213,76.85578343368597,64.46016017533904,2,2,4,5.772460086183145,1,1,6,3,0
STU0917,21,Male,7.401447430650049,91.68975347233658,90.53674339491212,68.65960271638681,1,4,4,6.4180023060509575,1,3,2,2,0
STU0918,23,Female,5.292106949195329,77.97697919989135,60.66529925362211,77.29630431035939,4,2,1,5.760424929161763,1,4,3,1,1
STU0919,19,Female,7.566736167976641,81.64160280980003,72.8421501036625,67.81472782558437,3,3,1,5.524066614090132,2,4,3,3,0
STU0920,22,Female,6.236440270565282,84.13816442303029,57.28369262825582,74.7127150692243,3,1,3,7.8004802206299395,2,2,5,4,1
STU0921,23,Female,7.4996350179115145,79.6998803686923,65.79592135883372,91.11274147223483,4,2,1,6.7640459557011745,4,4,7,2,1
STU0922,21,Female,5.738797077811119,73.23366828099512,68.06843665883056,69.93769441215603,3,2,3,7.062839587828163,1,3,6,1,1
STU0923,20,Other,7.842858224477595,74.01068958792276,61.112126689692914,86.15205371663048,1,2,4,7.667486961967936,2,0,1,1,0
STU0924,18,Female,8.32451267542669,68.18929922004041,53.76745711731458,78.7124408076883,2,3,2,4.771135799542103,4,3,3,3,1
STU0925,18,Female,6.5168201382848325,83.05940195891796,50.79724014521021,54.3930960781588,4,3,2,8.544119204748466,1,1,6,3,1
STU0926,24,Male,6.163077418589565,76.87181791097814,36.90377826438904,58.77435564883771,2,2,4,6.581087003992099,2,3,2,1,1
STU0927,21,Female,5.143976957450018,70.04191499235883,56.154803047448134,61.99684940316124,4,1,2,7.638881567485429,1,3,0,1,1
STU0928,19,Male,7.033586465924823,70.05306216810489,81.41240845007766,61.7419809968066,1,3,1,7.744855407074256,3,4,3,3,1
STU0929,20,Male,6.718406065718395,63.47521526660654,48.02252201980076,70.91652304671823,2,1,1,8.644955872916608,4,4,6,2,1
STU0930,21,Other,5.748980587651945,89.7460960948464,51.47815730620042,79.37572857698187,2,4,4,6.87417113466036,1,4,6,2,1
STU0931,21,Male,7.753018756312171,78.94341203438145,98.86347856849372,87.06190100045667,3,4,4,4.451635049148483,2,2,1,2,0
STU0932,22,Female,6.850029618135351,67.64639976512076,62.45255925227619,75.69810106470099,1,1,1,7.068553136144273,2,2,6,3,0
STU0933,19,Other,6.224264041354767,87.70257299522422,76.81569013747253,66.65184532736149,1,2,4,7.240848229793921,4,2,1,3,0
STU0934,22,Other,6.745427594359553,71.27461428246752,81.63475719750741,47.013105076441505,3,1,1,5.75888696903186,4,4,7,1,1
STU0935,20,Male,8.371304538929616,61.121992475853204,81.9378919467192,72.84707490500806,2,2,1,7.176988785319526,1,1,5,1,1
STU0936,24,Male,7.902936943755222,90.2546674706296,49.16528654087911,72.30924232433989,4,1,2,6.56677787832845,2,2,1,3,0
STU0937,18,Female,7.16997393850151,71.55483612520665,68.53410480150765,74.19514504246749,4,4,2,5.388695260860987,4,3,3,3,1
STU0938,18,Female,7.919105018464853,73.09321091749453,47.72659095722412,97.27488357243999,2,1,4,7.80578187401114,1,0,8,1,0
STU0939,20,Other,6.139088043613261,78.49416024419013,100.0,86.88715855431687,3,3,3,6.323529818922645,4,3,4,1,1
STU0940,21,Male,7.33237010072703,91.71107067348137,48.076871039766,81.42073101899983,2,3,1,6.512344942315517,1,1,6,3,1
STU0941,22,Male,7.44732233048647,78.24044749039574,56.2823967169527,60.4550744391408,2,1,3,6.444905383255499,3,1,7,2,1
STU0942,20,Male,6.830163491501273,63.61059448625724,56.390987177377426,65.84406300963907,3,4,4,8.482574316956976,4,3,0,1,1
STU0943,24,Other,7.735458335957418,84.52652404934616,49.5500928491568,70.86186471685798,2,1,3,6.950900605871929,3,0,9,3,0
STU0944,20,Male,6.5195665453555485,72.18012330885931,92.28890864634818,62.69511451187576,1,4,1,7.094919784654985,4,0,3,1,1
STU0945,18,Female,7.809820707776118,100.0,100.0,78.00557429982142,2,3,1,6.471236614736323,3,2,7,1,0
STU0946,17,Male,7.851858771531292,77.98656333602531,64.86376321031074,76.28290619058845,4,3,2,7.555440186705886,1,2,4,3,1
STU0947,24,Male,4.382840119302934,51.179574025216006,52.19365279733385,58.94030648334369,2,4,2,8.619181658140807,3,0,5,1,1
STU0948,18,Other,8.490305703510117,82.28837966586809,38.446117519109684,86.3618005091535,2,2,2,7.777432980983807,3,1,3,1,0
STU0949,24,Male,4.252367434647246,100.0,68.33836922216848,73.22772400570632,3,2,1,7.8242403536018275,2,1,8,4,1
STU0950,19,Male,6.683950974443874,96.91104346254468,67.25451865257834,51.25114623909299,1,1,1,7.727476247061214,1,2,1,1,1
STU0951,17,Other,8.325348034257754,99.97145146507879,62.23055810459783,71.38388569986037,2,4,3,5.343708828026604,3,1,8,3,0
STU0952,19,Female,6.982713274747559,65.76287777542244,75.32062880964342,75.37447747107485,1,2,4,5.948657401961034,3,0,2,4,0
STU0953,21,Male,5.833814017530457,88.94582875172135,77.9275971422323,83.67350833722888,4,4,3,6.754015127681049,4,2,8,4,1
STU0954,20,Female,6.206262938283329,69.33606552315946,76.8462488690685,67.9502831624806,4,2,2,6.128963149008129,1,4,0,4,1
STU0955,23,Other,8.32690574632062,80.6914727930031,67.25812692047269,81.93525920936649,4,4,4,5.722555570292802,3,2,0,2,0
STU0956,21,Female,5.378495469451361,62.72457085512321,55.47567255638607,74.24570384124259,1,4,3,4.753389110955311,4,1,0,4,1
STU0957,20,Female,8.428991100962017,70.2665308214074,81.98749646710074,56.21934469154905,3,2,3,5.38416494423903,4,2,5,1,1
STU0958,22,Female,7.24489790095771,69.88503963163662,72.18770639132296,55.01799871820984,3,2,3,6.69216933118888,4,0,2,2,1
STU0959,24,Female,6.107604669557566,88.7826633617114,85.32536287251975,85.47071844179219,4,4,4,6.916688359817338,1,1,5,1,1
STU0960,20,Male,6.716884927697309,87.60862946003587,83.85113324208348,86.35181014058122,1,1,3,6.04833546864331,1,2,8,3,0
STU0961,18,Other,6.282775658898359,81.32183675196985,50.67356896429327,75.87491076485668,3,1,3,7.094710255219871,3,2,0,4,1
STU0962,20,Other,8.166225200858529,61.794942983335375,50.48666688813595,89.94848065416033,1,2,3,6.479399630909948,2,2,5,4,0
STU0963,23,Male,8.032427809762838,74.26032679260337,60.666889218892074,84.67931818849928,3,3,4,8.308688304848618,1,4,7,4,1
STU0964,18,Other,5.580838866123953,69.04660220468729,56.15601887563998,80.20354475375666,4,1,4,6.806049083170195,1,3,4,1,1
STU0965,24,Other,6.896407881480666,88.43610908033389,83.32877663964152,61.06426213519594,1,2,2,7.835597057682058,1,0,9,4,0
STU0966,21,Other,6.436814337655723,92.13821823380621,77.26964513981876,92.77714501238812,1,4,3,7.243856514753631,2,2,6,3,1
STU0967,21,Female,8.59350996845937,90.67662703237059,88.48775990677966,78.43561718649927,4,1,1,5.317514752907134,3,2,0,2,0
STU0968,19,Female,5.949900881873579,68.93736696699575,77.94730226116377,67.36993470466054,1,1,3,6.891210189115389,1,0,5,1,1
STU0969,24,Other,8.904229104685013,45.12560253252625,75.12974372810054,63.980759936336426,3,2,4,5.51725108080558,1,1,3,1,0
STU0970,17,Male,7.266705260483063,56.796457222439344,89.99594670516255,75.08140537816628,3,1,3,6.870254994139694,2,4,1,4,1
STU0971,19,Other,6.138065593619912,95.0595237369865,79.04591009602572,51.94729098193854,2,1,2,6.1058430193231725,4,1,9,2,1
STU0972,20,Other,6.622725815990722,73.18494072816212,73.02151445156578,80.39607930423435,4,1,3,7.45835564018177,4,2,2,3,1
STU0973,20,Other,6.498381159231549,68.99130458081865,94.20679550896028,60.55715022367168,4,1,2,5.389174795040558,2,1,0,4,0
STU0974,20,Female,6.025381597984493,97.71192352123481,73.72771324729185,76.44729730589144,2,4,2,7.017642190335325,1,0,2,2,1
STU0975,18,Female,7.394826859730376,93.18191934585992,67.43489092623118,65.74055595170209,1,1,1,7.686898699075833,1,1,8,1,1
STU0976,18,Male,6.072084449308156,78.29338466303744,59.43265111833526,68.82697544730355,1,3,3,8.089114683170795,4,3,5,2,1
STU0977,17,Other,5.119633791261811,74.47916290723231,82.54538188568117,62.917081526819224,1,3,1,6.082998690538933,2,4,8,1,1
STU0978,21,Female,6.920323529151827,76.41478544624249,90.55575812763703,70.06524682583039,4,3,2,7.02130116664861,1,3,4,1,0
STU0979,19,Male,5.497143803582118,80.72595358064959,71.24118897849854,94.67255455220825,3,3,4,7.220976367493888,4,4,1,4,0
STU0980,21,Other,6.54783913193248,97.2005673758353,91.61873435669759,88.62071552458369,3,2,4,8.856551535451322,3,3,3,2,0
STU0981,21,Female,6.390897111396644,83.06960909084673,42.44977452042636,76.25374745994549,1,4,2,5.222403927099836,2,3,1,3,1
STU0982,22,Female,6.428783927974186,86.7123483964697,71.16819937788128,71.69646881322058,4,1,4,5.906676945914741,2,2,5,3,0
STU0983,21,Male,9.300963101590153,92.03124130884206,71.39857631843346,82.13041428831463,3,1,1,10.0,1,0,2,3,1
STU0984,22,Other,7.3564115671695705,63.96388798770697,61.09508441388979,85.55964472929068,4,4,4,6.67228325925283,4,2,9,3,0
STU0985,21,Female,7.545371008995332,87.05834270968852,100.0,62.04217941350965,2,1,2,4.730807428116071,4,4,3,1,1
STU0986,22,Other,5.523601703657706,74.46517494406066,71.00711050966858,71.07073358841357,3,1,4,6.300939827982201,1,2,3,3,1
STU0987,21,Other,6.646036866363078,47.80685765072681,65.8840384259335,50.13650124518304,3,1,4,4.0,3,3,9,4,0
STU0988,19,Male,7.5153026299415115,52.46196549617026,72.38943170150257,85.47722532313074,2,1,3,7.289104854947384,1,0,5,1,1
STU0989,18,Male,6.275471087086993,65.78258866177578,41.95779392211256,96.78029109241027,3,1,3,7.971741712333863,2,1,1,1,1
STU0990,23,Other,8.208062843517986,84.37467874311098,60.60198111982628,72.96099149547703,2,3,3,5.9060051485974965,3,1,4,3,0
STU0991,19,Female,6.0973034140989695,79.36559478408356,86.74859954168106,46.499878501163806,4,3,1,6.435131293298192,1,1,2,4,1
STU0992,21,Female,7.013633864134825,80.21240048610797,62.56581967600838,79.30668619892437,3,1,1,8.108384986442696,3,4,7,2,0
STU0993,18,Male,6.713948360024441,100.0,59.56687255799593,61.150930006211034,3,4,2,4.899741442184716,1,2,5,4,0
STU0994,20,Female,7.464320659381916,62.770924621682255,91.64288454771601,64.03980670002647,3,1,2,5.414114545360546,3,3,7,1,1
STU0995,21,Other,6.6595099281445735,77.67079974979532,92.10381601427744,79.51891667749204,2,3,3,6.726261781941233,2,3,9,3,0
STU0996,22,Male,7.029106372929062,81.65322627376578,79.75485708241713,75.05464950615269,4,4,2,6.097198195039818,1,2,7,4,0
STU0997,21,Female,7.063869908222014,69.16472260153998,65.17323998942,66.14269469593678,1,3,3,6.647359723031695,4,4,3,2,1
STU0998,19,Other,6.565612242608699,78.33992094099528,68.40793402325515,64.20473240878003,3,2,1,5.483499616712174,2,1,2,3,1
STU0999,24,Male,7.785093868497112,58.80060799098786,59.93775057637561,73.51003266264999,1,1,1,7.257176183105809,4,0,5,1,1
STU1000,21,Male,7.538388374837425,94.91887460730034,57.07840321457033,67.08641336985158,2,1,4,6.8209202977840135,4,3,4,3,0
